title,description,difficulty,imageUrl
Abyssal Sire,Get a unique from the Abyssal Sire,Elite,https://www.runescape.com/img/rsp777/game_icon_abyssalsire.png?2
Abyssal Sire,Get a unique from the Abyssal Sire,Elite,https://www.runescape.com/img/rsp777/game_icon_abyssalsire.png?2
Abyssal Sire,Get a unique from the Abyssal Sire,Elite,https://www.runescape.com/img/rsp777/game_icon_abyssalsire.png?2
Abyssal Sire,Get a unique from the Abyssal Sire,Elite,https://www.runescape.com/img/rsp777/game_icon_abyssalsire.png?2
Abyssal Sire,Get a unique from the Abyssal Sire,Elite,https://www.runescape.com/img/rsp777/game_icon_abyssalsire.png?2
Abyssal Sire,Get a unique from the Abyssal Sire,Elite,https://www.runescape.com/img/rsp777/game_icon_abyssalsire.png?2
Abyssal Sire,Get a unique from the Abyssal Sire,Elite,https://www.runescape.com/img/rsp777/game_icon_abyssalsire.png?2
Abyssal Sire,Get a unique from the Abyssal Sire,Elite,https://www.runescape.com/img/rsp777/game_icon_abyssalsire.png?2
Alchemical Hydra,Get a unique from the Alchemical Hydra,Master,https://www.runescape.com/img/rsp777/game_icon_alchemicalhydra.png?2
Alchemical Hydra,Get a unique from the Alchemical Hydra,Master,https://www.runescape.com/img/rsp777/game_icon_alchemicalhydra.png?2
Alchemical Hydra,Get a unique from the Alchemical Hydra,Master,https://www.runescape.com/img/rsp777/game_icon_alchemicalhydra.png?2
Alchemical Hydra,Get a unique from the Alchemical Hydra,Master,https://www.runescape.com/img/rsp777/game_icon_alchemicalhydra.png?2
Alchemical Hydra,Get a unique from the Alchemical Hydra,Master,https://www.runescape.com/img/rsp777/game_icon_alchemicalhydra.png?2
Alchemical Hydra,Get a unique from the Alchemical Hydra,Master,https://www.runescape.com/img/rsp777/game_icon_alchemicalhydra.png?2
Alchemical Hydra,Get a unique from the Alchemical Hydra,Master,https://www.runescape.com/img/rsp777/game_icon_alchemicalhydra.png?2
Alchemical Hydra,Get a unique from the Alchemical Hydra,Master,https://www.runescape.com/img/rsp777/game_icon_alchemicalhydra.png?2
Alchemical Hydra,Get a unique from the Alchemical Hydra,Master,https://www.runescape.com/img/rsp777/game_icon_alchemicalhydra.png?2
Alchemical Hydra,Get a unique from the Alchemical Hydra,Master,https://www.runescape.com/img/rsp777/game_icon_alchemicalhydra.png?2
Amoxliatl,Get a unique from the Amoxliatl,Medium,https://www.runescape.com/img/rsp777/game_icon_amoxliatl.png?2
Amoxliatl,Get a unique from the Amoxliatl,Medium,https://www.runescape.com/img/rsp777/game_icon_amoxliatl.png?2
Amoxliatl,Get a unique from the Amoxliatl,Medium,https://www.runescape.com/img/rsp777/game_icon_amoxliatl.png?2
Araxxor,Get a unique from Araxxor,Master,https://www.runescape.com/img/rsp777/game_icon_araxxor.png?2
Araxxor,Get a unique from Araxxor,Master,https://www.runescape.com/img/rsp777/game_icon_araxxor.png?2
Araxxor,Get a unique from Araxxor,Master,https://www.runescape.com/img/rsp777/game_icon_araxxor.png?2
Araxxor,Get a unique from Araxxor,Master,https://www.runescape.com/img/rsp777/game_icon_araxxor.png?2
Araxxor,Get a unique from Araxxor,Master,https://www.runescape.com/img/rsp777/game_icon_araxxor.png?2
Araxxor,Get a unique from Araxxor,Master,https://www.runescape.com/img/rsp777/game_icon_araxxor.png?2
Araxxor,Get a unique from Araxxor,Master,https://www.runescape.com/img/rsp777/game_icon_araxxor.png?2
Araxxor,Get a unique from Araxxor,Master,https://www.runescape.com/img/rsp777/game_icon_araxxor.png?2
Araxxor,Get a unique from Araxxor,Master,https://www.runescape.com/img/rsp777/game_icon_araxxor.png?2
Barrows,Get a unique from Barrows,Medium,https://www.runescape.com/img/rsp777/game_icon_barrowschests.png?2
Barrows,Get a unique from Barrows,Medium,https://www.runescape.com/img/rsp777/game_icon_barrowschests.png?2
Barrows,Get a unique from Barrows,Medium,https://www.runescape.com/img/rsp777/game_icon_barrowschests.png?2
Barrows,Get a unique from Barrows,Medium,https://www.runescape.com/img/rsp777/game_icon_barrowschests.png?2
Barrows,Get a unique from Barrows,Medium,https://www.runescape.com/img/rsp777/game_icon_barrowschests.png?2
Barrows,Get a unique from Barrows,Medium,https://www.runescape.com/img/rsp777/game_icon_barrowschests.png?2
Barrows,Get a unique from Barrows,Medium,https://www.runescape.com/img/rsp777/game_icon_barrowschests.png?2
Barrows,Get a unique from Barrows,Medium,https://www.runescape.com/img/rsp777/game_icon_barrowschests.png?2
Barrows,Get a unique from Barrows,Medium,https://www.runescape.com/img/rsp777/game_icon_barrowschests.png?2
Barrows,Get a unique from Barrows,Medium,https://www.runescape.com/img/rsp777/game_icon_barrowschests.png?2
Barrows,Get a unique from Barrows,Medium,https://www.runescape.com/img/rsp777/game_icon_barrowschests.png?2
Barrows,Get a unique from Barrows,Medium,https://www.runescape.com/img/rsp777/game_icon_barrowschests.png?2
Barrows,Get a unique from Barrows,Easy,https://www.runescape.com/img/rsp777/game_icon_barrowschests.png?2
Barrows,Get a unique from Barrows,Easy,https://www.runescape.com/img/rsp777/game_icon_barrowschests.png?2
Barrows,Get a unique from Barrows,Easy,https://www.runescape.com/img/rsp777/game_icon_barrowschests.png?2
Barrows,Get a unique from Barrows,Easy,https://www.runescape.com/img/rsp777/game_icon_barrowschests.png?2
Barrows,Get a unique from Barrows,Hard,https://www.runescape.com/img/rsp777/game_icon_barrowschests.png?2
Barrows,Get a unique from Barrows,Hard,https://www.runescape.com/img/rsp777/game_icon_barrowschests.png?2
Barrows,Get a unique from Barrows,Hard,https://www.runescape.com/img/rsp777/game_icon_barrowschests.png?2
Barrows,Get a unique from Barrows,Hard,https://www.runescape.com/img/rsp777/game_icon_barrowschests.png?2
Barrows,Get a unique from Barrows,Hard,https://www.runescape.com/img/rsp777/game_icon_barrowschests.png?2
Barrows,Get a unique from Barrows,Hard,https://www.runescape.com/img/rsp777/game_icon_barrowschests.png?2
Barrows,Get a unique from Barrows,Hard,https://www.runescape.com/img/rsp777/game_icon_barrowschests.png?2
Barrows,Get a unique from Barrows,Hard,https://www.runescape.com/img/rsp777/game_icon_barrowschests.png?2
Barrows,Get a unique from Barrows,Hard,https://www.runescape.com/img/rsp777/game_icon_barrowschests.png?2
Bryophyta,Get a unique from Bryophyta,Easy,https://www.runescape.com/img/rsp777/game_icon_bryophyta.png?2
Callisto/Artio,Get a unique from Callisto or Artio,Hard,https://www.runescape.com/img/rsp777/game_icon_artio.png?2
Callisto/Artio,Get a unique from Callisto or Artio,Hard,https://www.runescape.com/img/rsp777/game_icon_artio.png?2
Callisto/Artio,Get a unique from Callisto or Artio,Hard,https://www.runescape.com/img/rsp777/game_icon_artio.png?2
Callisto/Artio,Get a unique from Callisto or Artio,Hard,https://www.runescape.com/img/rsp777/game_icon_artio.png?2
Callisto/Artio,Get a unique from Callisto or Artio,Hard,https://www.runescape.com/img/rsp777/game_icon_artio.png?2
Cerberus,Get a unique from Cerberus,Elite,https://www.runescape.com/img/rsp777/game_icon_cerberus.png?2
Cerberus,Get a unique from Cerberus,Elite,https://www.runescape.com/img/rsp777/game_icon_cerberus.png?2
Cerberus,Get a unique from Cerberus,Master,https://www.runescape.com/img/rsp777/game_icon_cerberus.png?2
Cerberus,Get a unique from Cerberus,Master,https://www.runescape.com/img/rsp777/game_icon_cerberus.png?2
Cerberus,Get a unique from Cerberus,Master,https://www.runescape.com/img/rsp777/game_icon_cerberus.png?2
Chaos Elemental,Get a unique from the Chaos Elemental,Medium,https://www.runescape.com/img/rsp777/game_icon_chaoselemental.png?2
Chaos Elemental,Get a unique from the Chaos Elemental,Hard,https://www.runescape.com/img/rsp777/game_icon_chaoselemental.png?2
Chaos Fanatic,Get a unique from the Chaos Fanatic,Medium,https://www.runescape.com/img/rsp777/game_icon_chaosfanatic.png?2
Chaos Fanatic,Get a unique from the Chaos Fanatic,Medium,https://www.runescape.com/img/rsp777/game_icon_chaosfanatic.png?2
Commander Zilyana,Get a unique from Commander Zilyana,Elite,https://www.runescape.com/img/rsp777/game_icon_commanderzilyana.png?2
Commander Zilyana,Get a unique from Commander Zilyana,Elite,https://www.runescape.com/img/rsp777/game_icon_commanderzilyana.png?2
Commander Zilyana,Get a unique from Commander Zilyana,Master,https://www.runescape.com/img/rsp777/game_icon_commanderzilyana.png?2
Commander Zilyana,Get a unique from Commander Zilyana,Master,https://www.runescape.com/img/rsp777/game_icon_commanderzilyana.png?2
Godsword Shard,Get a Godsword Shard,Elite,https://oldschool.runescape.wiki/images/Godsword_blade.png?fc2ef
Godsword Shard,Get a Godsword Shard,Elite,https://oldschool.runescape.wiki/images/Godsword_blade.png?fc2ef
Godsword Shard,Get a Godsword Shard,Elite,https://oldschool.runescape.wiki/images/Godsword_blade.png?fc2ef
Corporeal Beast,Get a unique from the Corporeal Beast,Master,https://www.runescape.com/img/rsp777/game_icon_corporealbeast.png?2
Corporeal Beast,Get a unique from the Corporeal Beast,Master,https://www.runescape.com/img/rsp777/game_icon_corporealbeast.png?2
Corporeal Beast,Get a unique from the Corporeal Beast,Master,https://www.runescape.com/img/rsp777/game_icon_corporealbeast.png?2
Corporeal Beast,Get a unique from the Corporeal Beast,Master,https://www.runescape.com/img/rsp777/game_icon_corporealbeast.png?2
Corporeal Beast,Get a unique from the Corporeal Beast,Master,https://www.runescape.com/img/rsp777/game_icon_corporealbeast.png?2
Corporeal Beast,Get a unique from the Corporeal Beast,Master,https://www.runescape.com/img/rsp777/game_icon_corporealbeast.png?2
Crazy Archaeologist,Get a unique from the Crazy Archaeologist,Medium,https://www.runescape.com/img/rsp777/game_icon_crazyarchaeologist.png?2
Crazy Archaeologist,Get a unique from the Crazy Archaeologist,Medium,https://www.runescape.com/img/rsp777/game_icon_crazyarchaeologist.png?2
Crazy Archaeologist,Get a unique from the Crazy Archaeologist,Medium,https://www.runescape.com/img/rsp777/game_icon_crazyarchaeologist.png?2
Dagannoth Kings,Get a unique from the Dagannoth Kings,Hard,https://www.runescape.com/img/rsp777/game_icon_dagannothprime.png?2
Dagannoth Kings,Get a unique from the Dagannoth Kings,Hard,https://www.runescape.com/img/rsp777/game_icon_dagannothprime.png?2
Dagannoth Kings,Get a unique from the Dagannoth Kings,Hard,https://www.runescape.com/img/rsp777/game_icon_dagannothprime.png?2
Dagannoth Kings,Get a unique from the Dagannoth Kings,Hard,https://www.runescape.com/img/rsp777/game_icon_dagannothprime.png?2
Dagannoth Kings,Get a unique from the Dagannoth Kings,Hard,https://www.runescape.com/img/rsp777/game_icon_dagannothprime.png?2
Dagannoth Kings,Get a unique from the Dagannoth Kings,Hard,https://www.runescape.com/img/rsp777/game_icon_dagannothprime.png?2
Dagannoth Kings,Get a unique from the Dagannoth Kings,Hard,https://www.runescape.com/img/rsp777/game_icon_dagannothprime.png?2
Deranged Archaeologist,Get a unique from the Deranged Archaeologist,Medium,https://www.runescape.com/img/rsp777/game_icon_derangedarchaeologist.png?2
Doom of Mokhaiotl,Get a unique from the Doom of Mokhaiotl,Master,https://www.runescape.com/img/rsp777/game_icon_doomofmokhaiotl.png?2
Doom of Mokhaiotl,Get a unique from the Doom of Mokhaiotl,Master,https://www.runescape.com/img/rsp777/game_icon_doomofmokhaiotl.png?2
Doom of Mokhaiotl,Get a unique from the Doom of Mokhaiotl,Master,https://www.runescape.com/img/rsp777/game_icon_doomofmokhaiotl.png?2
Doom of Mokhaiotl,Get a unique from the Doom of Mokhaiotl,Master,https://www.runescape.com/img/rsp777/game_icon_doomofmokhaiotl.png?2
Doom of Mokhaiotl,Get a unique from the Doom of Mokhaiotl,Master,https://www.runescape.com/img/rsp777/game_icon_doomofmokhaiotl.png?2
Duke Sucellus,Get a unique from the Duke Sucellus,Elite,https://www.runescape.com/img/rsp777/game_icon_dukesucellus.png?2
Duke Sucellus,Get a unique from the Duke Sucellus,Elite,https://www.runescape.com/img/rsp777/game_icon_dukesucellus.png?2
Duke Sucellus,Get a unique from the Duke Sucellus,Elite,https://www.runescape.com/img/rsp777/game_icon_dukesucellus.png?2
Duke Sucellus,Get a unique from the Duke Sucellus,Elite,https://www.runescape.com/img/rsp777/game_icon_dukesucellus.png?2
DT2 Bosses,Get a shared unique from a DT2 Boss,Elite,https://oldschool.runescape.wiki/images/Ancient_signet.png?0b6b6
DT2 Bosses,Get a shared unique from a DT2 Boss,Elite,https://oldschool.runescape.wiki/images/Ancient_signet.png?0b6b6
DT2 Bosses,Get a shared unique from a DT2 Boss,Elite,https://oldschool.runescape.wiki/images/Ancient_signet.png?0b6b6
DT2 Bosses,Get a shared unique from a DT2 Boss,Elite,https://oldschool.runescape.wiki/images/Ancient_signet.png?0b6b6
DT2 Bosses,Get a shared unique from a DT2 Boss,Elite,https://oldschool.runescape.wiki/images/Ancient_signet.png?0b6b6
Fire Cape,Obtain a Fire Cape,Hard,https://oldschool.runescape.wiki/images/Fire_cape.png?5abba
Fortis Colosseum,Get a unique from the Fortis Colosseum,Elite,https://www.runescape.com/img/rsp777/game_icon_solheredit.png?2
Fortis Colosseum,Get a unique from the Fortis Colosseum,Master,https://www.runescape.com/img/rsp777/game_icon_solheredit.png?2
Fortis Colosseum,Get a unique from the Fortis Colosseum,Master,https://www.runescape.com/img/rsp777/game_icon_solheredit.png?2
Fortis Colosseum,Get a unique from the Fortis Colosseum,Master,https://www.runescape.com/img/rsp777/game_icon_solheredit.png?2
Fortis Colosseum,Get a unique from the Fortis Colosseum,Master,https://www.runescape.com/img/rsp777/game_icon_solheredit.png?2
Fortis Colosseum,Get a unique from the Fortis Colosseum,Master,https://www.runescape.com/img/rsp777/game_icon_solheredit.png?2
Fortis Colosseum,Get a unique from the Fortis Colosseum,Master,https://www.runescape.com/img/rsp777/game_icon_solheredit.png?2
Fortis Colosseum,Get a unique from the Fortis Colosseum,Master,https://www.runescape.com/img/rsp777/game_icon_solheredit.png?2
The Gauntlet,Get a unique from The Gauntlet,Elite,https://www.runescape.com/img/rsp777/game_icon_thecorruptedgauntlet.png?2
The Gauntlet,Get a unique from The Gauntlet,Elite,https://www.runescape.com/img/rsp777/game_icon_thecorruptedgauntlet.png?2
The Gauntlet,Get a unique from The Gauntlet,Elite,https://www.runescape.com/img/rsp777/game_icon_thecorruptedgauntlet.png?2
The Gauntlet,Get a unique from The Gauntlet,Elite,https://www.runescape.com/img/rsp777/game_icon_thecorruptedgauntlet.png?2
General Graardor,Get a unique from General Graardor,Elite,https://www.runescape.com/img/rsp777/game_icon_generalgraardor.png?2
General Graardor,Get a unique from General Graardor,Elite,https://www.runescape.com/img/rsp777/game_icon_generalgraardor.png?2
General Graardor,Get a unique from General Graardor,Elite,https://www.runescape.com/img/rsp777/game_icon_generalgraardor.png?2
General Graardor,Get a unique from General Graardor,Elite,https://www.runescape.com/img/rsp777/game_icon_generalgraardor.png?2
Giant Mole,Get two uniques from the Giant Mole,Easy,https://www.runescape.com/img/rsp777/game_icon_giantmole.png?2
Grotesque Guardians,Get a unique from the Grotesque Guardians,Elite,https://www.runescape.com/img/rsp777/game_icon_grotesqueguardians.png?2
Grotesque Guardians,Get a unique from the Grotesque Guardians,Elite,https://www.runescape.com/img/rsp777/game_icon_grotesqueguardians.png?2
Grotesque Guardians,Get a unique from the Grotesque Guardians,Elite,https://www.runescape.com/img/rsp777/game_icon_grotesqueguardians.png?2
Grotesque Guardians,Get a unique from the Grotesque Guardians,Elite,https://www.runescape.com/img/rsp777/game_icon_grotesqueguardians.png?2
Grotesque Guardians,Get a unique from the Grotesque Guardians,Elite,https://www.runescape.com/img/rsp777/game_icon_grotesqueguardians.png?2
Grotesque Guardians,Get a unique from the Grotesque Guardians,Elite,https://www.runescape.com/img/rsp777/game_icon_grotesqueguardians.png?2
Hespori,Get a unique from Hespori,Medium,https://www.runescape.com/img/rsp777/game_icon_hespori.png?2
Hespori,Get a unique from Hespori,Medium,https://www.runescape.com/img/rsp777/game_icon_hespori.png?2
Hespori,Get a unique from Hespori,Medium,https://www.runescape.com/img/rsp777/game_icon_hespori.png?2
Hespori,Get a unique from Hespori,Medium,https://www.runescape.com/img/rsp777/game_icon_hespori.png?2
The Hueycoatl,Get a unique from The Hueycoatl,Medium,https://www.runescape.com/img/rsp777/game_icon_thehueycoatl.png?2
The Hueycoatl,Get a unique from The Hueycoatl,Medium,https://www.runescape.com/img/rsp777/game_icon_thehueycoatl.png?2
The Hueycoatl,Get a unique from The Hueycoatl,Medium,https://www.runescape.com/img/rsp777/game_icon_thehueycoatl.png?2
The Hueycoatl,Get a unique from The Hueycoatl,Medium,https://www.runescape.com/img/rsp777/game_icon_thehueycoatl.png?2
The Hueycoatl,Get a unique from The Hueycoatl,Medium,https://www.runescape.com/img/rsp777/game_icon_thehueycoatl.png?2
Inferno Cape,Obtain an Infernal Cape,Master,https://oldschool.runescape.wiki/images/Infernal_cape.png?80b36
Kalphite Queen,Get a unique from the Kalphite Queen,Elite,https://www.runescape.com/img/rsp777/game_icon_kalphitequeen.png?2
Kalphite Queen,Get a unique from the Kalphite Queen,Elite,https://www.runescape.com/img/rsp777/game_icon_kalphitequeen.png?2
Kalphite Queen,Get a unique from the Kalphite Queen,Elite,https://www.runescape.com/img/rsp777/game_icon_kalphitequeen.png?2
Kalphite Queen,Get a unique from the Kalphite Queen,Elite,https://www.runescape.com/img/rsp777/game_icon_kalphitequeen.png?2
Kalphite Queen,Get a unique from the Kalphite Queen,Elite,https://www.runescape.com/img/rsp777/game_icon_kalphitequeen.png?2
King Black Dragon,Get a unique from the King Black Dragon,Hard,https://www.runescape.com/img/rsp777/game_icon_kingblackdragon.png?2
King Black Dragon,Get a unique from the King Black Dragon,Hard,https://www.runescape.com/img/rsp777/game_icon_kingblackdragon.png?2
King Black Dragon,Get a unique from the King Black Dragon,Hard,https://www.runescape.com/img/rsp777/game_icon_kingblackdragon.png?2
Kraken,Get a unique from the Kraken,Elite,https://www.runescape.com/img/rsp777/game_icon_kraken.png?2
Kraken,Get a unique from the Kraken,Elite,https://www.runescape.com/img/rsp777/game_icon_kraken.png?2
Kraken,Get a unique from the Kraken,Elite,https://www.runescape.com/img/rsp777/game_icon_kraken.png?2
Kree'arra,Get a unique from Kree'arra,Elite,https://www.runescape.com/img/rsp777/game_icon_kreearra.png?2
Kree'arra,Get a unique from Kree'arra,Elite,https://www.runescape.com/img/rsp777/game_icon_kreearra.png?2
Kree'arra,Get a unique from Kree'arra,Elite,https://www.runescape.com/img/rsp777/game_icon_kreearra.png?2
Kree'arra,Get a unique from Kree'arra,Elite,https://www.runescape.com/img/rsp777/game_icon_kreearra.png?2
K'ril Tsutsaroth,Get a unique from K'ril Tsutsaroth,Elite,https://www.runescape.com/img/rsp777/game_icon_kriltsutsaroth.png?2
K'ril Tsutsaroth,Get a unique from K'ril Tsutsaroth,Elite,https://www.runescape.com/img/rsp777/game_icon_kriltsutsaroth.png?2
K'ril Tsutsaroth,Get a unique from K'ril Tsutsaroth,Elite,https://www.runescape.com/img/rsp777/game_icon_kriltsutsaroth.png?2
K'ril Tsutsaroth,Get a unique from K'ril Tsutsaroth,Elite,https://www.runescape.com/img/rsp777/game_icon_kriltsutsaroth.png?2
The Leviathan,Get a unique from The Leviathan,Master,https://www.runescape.com/img/rsp777/game_icon_theleviathan.png?2
The Leviathan,Get a unique from The Leviathan,Master,https://www.runescape.com/img/rsp777/game_icon_theleviathan.png?2
The Leviathan,Get a unique from The Leviathan,Master,https://www.runescape.com/img/rsp777/game_icon_theleviathan.png?2
The Leviathan,Get a unique from The Leviathan,Master,https://www.runescape.com/img/rsp777/game_icon_theleviathan.png?2
Moons of Peril,Get a unique from the Moons of Peril,Medium,https://www.runescape.com/img/rsp777/game_icon_lunarchests.png?2
Moons of Peril,Get a unique from the Moons of Peril,Hard,https://www.runescape.com/img/rsp777/game_icon_lunarchests.png?2
Moons of Peril,Get a unique from the Moons of Peril,Hard,https://www.runescape.com/img/rsp777/game_icon_lunarchests.png?2
Moons of Peril,Get a unique from the Moons of Peril,Hard,https://www.runescape.com/img/rsp777/game_icon_lunarchests.png?2
Moons of Peril,Get a unique from the Moons of Peril,Hard,https://www.runescape.com/img/rsp777/game_icon_lunarchests.png?2
Moons of Peril,Get a unique from the Moons of Peril,Hard,https://www.runescape.com/img/rsp777/game_icon_lunarchests.png?2
Moons of Peril,Get a unique from the Moons of Peril,Hard,https://www.runescape.com/img/rsp777/game_icon_lunarchests.png?2
Moons of Peril,Get a unique from the Moons of Peril,Hard,https://www.runescape.com/img/rsp777/game_icon_lunarchests.png?2
Moons of Peril,Get a unique from the Moons of Peril,Hard,https://www.runescape.com/img/rsp777/game_icon_lunarchests.png?2
Moons of Peril,Get a unique from the Moons of Peril,Hard,https://www.runescape.com/img/rsp777/game_icon_lunarchests.png?2
Moons of Peril,Get a unique from the Moons of Peril,Hard,https://www.runescape.com/img/rsp777/game_icon_lunarchests.png?2
Moons of Peril,Get a unique from the Moons of Peril,Hard,https://www.runescape.com/img/rsp777/game_icon_lunarchests.png?2
Moons of Peril,Get a unique from the Moons of Peril,Hard,https://www.runescape.com/img/rsp777/game_icon_lunarchests.png?2
Nex,Get a unique from Nex,Master,https://www.runescape.com/img/rsp777/game_icon_nex.png?2
Nex,Get a unique from Nex,Master,https://www.runescape.com/img/rsp777/game_icon_nex.png?2
Nex,Get a unique from Nex,Master,https://www.runescape.com/img/rsp777/game_icon_nex.png?2
Nex,Get a unique from Nex,Master,https://www.runescape.com/img/rsp777/game_icon_nex.png?2
Nex,Get a unique from Nex,Master,https://www.runescape.com/img/rsp777/game_icon_nex.png?2
Nex,Get a unique from Nex,Master,https://www.runescape.com/img/rsp777/game_icon_nex.png?2
Nex,Get a unique from Nex,Master,https://www.runescape.com/img/rsp777/game_icon_nex.png?2
The Nightmare,Get a unique from The Nightmare,Master,https://www.runescape.com/img/rsp777/game_icon_nightmare.png?2
The Nightmare,Get a unique from The Nightmare,Master,https://www.runescape.com/img/rsp777/game_icon_nightmare.png?2
The Nightmare,Get a unique from The Nightmare,Master,https://www.runescape.com/img/rsp777/game_icon_nightmare.png?2
The Nightmare,Get a unique from The Nightmare,Master,https://www.runescape.com/img/rsp777/game_icon_nightmare.png?2
The Nightmare,Get a unique from The Nightmare,Master,https://www.runescape.com/img/rsp777/game_icon_nightmare.png?2
The Nightmare,Get a unique from The Nightmare,Master,https://www.runescape.com/img/rsp777/game_icon_nightmare.png?2
The Nightmare,Get a unique from The Nightmare,Master,https://www.runescape.com/img/rsp777/game_icon_nightmare.png?2
The Nightmare,Get a unique from The Nightmare,Master,https://www.runescape.com/img/rsp777/game_icon_nightmare.png?2
The Nightmare,Get a unique from The Nightmare,Master,https://www.runescape.com/img/rsp777/game_icon_nightmare.png?2
The Nightmare,Get a unique from The Nightmare,Master,https://www.runescape.com/img/rsp777/game_icon_nightmare.png?2
The Nightmare,Get a unique from The Nightmare,Master,https://www.runescape.com/img/rsp777/game_icon_nightmare.png?2
Obor,Get a unique from Obor,Medium,https://www.runescape.com/img/rsp777/game_icon_obor.png?2
Phantom Muspah,Get a unique from the Phantom Muspah,Hard,https://www.runescape.com/img/rsp777/game_icon_phantommuspah.png?2
Phantom Muspah,Get a unique from the Phantom Muspah,Elite,https://www.runescape.com/img/rsp777/game_icon_phantommuspah.png?2
Phantom Muspah,Get a unique from the Phantom Muspah,Elite,https://www.runescape.com/img/rsp777/game_icon_phantommuspah.png?2
Phantom Muspah,Get a unique from the Phantom Muspah,Elite,https://www.runescape.com/img/rsp777/game_icon_phantommuspah.png?2
Phantom Muspah,Get a unique from the Phantom Muspah,Elite,https://www.runescape.com/img/rsp777/game_icon_phantommuspah.png?2
Royal Titans,Get a unique from the Royal Titans,Medium,https://www.runescape.com/img/rsp777/game_icon_theroyaltitans.png?2
Royal Titans,Get a unique from the Royal Titans,Hard,https://www.runescape.com/img/rsp777/game_icon_theroyaltitans.png?2
Royal Titans,Get a unique from the Royal Titans,Hard,https://www.runescape.com/img/rsp777/game_icon_theroyaltitans.png?2
Royal Titans,Get a unique from the Royal Titans,Hard,https://www.runescape.com/img/rsp777/game_icon_theroyaltitans.png?2
Royal Titans,Get a unique from the Royal Titans,Hard,https://www.runescape.com/img/rsp777/game_icon_theroyaltitans.png?2
Royal Titans,Get a unique from the Royal Titans,Medium,https://www.runescape.com/img/rsp777/game_icon_theroyaltitans.png?2
Sarachnis,Get a unique from Sarachnis,Medium,https://www.runescape.com/img/rsp777/game_icon_sarachnis.png?2
Sarachnis,Get a unique from Sarachnis,Hard,https://www.runescape.com/img/rsp777/game_icon_sarachnis.png?2
Sarachnis,Get a unique from Sarachnis,Hard,https://www.runescape.com/img/rsp777/game_icon_sarachnis.png?2
Scorpia,Get a unique from Scorpia,Hard,https://www.runescape.com/img/rsp777/game_icon_scorpia.png?2
Scorpia,Get a unique from Scorpia,Hard,https://www.runescape.com/img/rsp777/game_icon_scorpia.png?2
Scorpia,Get a unique from Scorpia,Hard,https://www.runescape.com/img/rsp777/game_icon_scorpia.png?2
Scurrius,Get a unique from Scurrius,Easy,https://www.runescape.com/img/rsp777/game_icon_scurrius.png?2
Skotizo,Get a unique from Skotizo,Medium,https://www.runescape.com/img/rsp777/game_icon_skotizo.png?2
Skotizo,Get a unique from Skotizo,Hard,https://www.runescape.com/img/rsp777/game_icon_skotizo.png?2
Skotizo,Get a unique from Skotizo,Hard,https://www.runescape.com/img/rsp777/game_icon_skotizo.png?2
Skotizo,Get a unique from Skotizo,Hard,https://www.runescape.com/img/rsp777/game_icon_skotizo.png?2
Skotizo,Get a unique from Skotizo,Hard,https://www.runescape.com/img/rsp777/game_icon_skotizo.png?2
Tempoross,Get a unique from Tempoross,Beginner,https://www.runescape.com/img/rsp777/game_icon_tempoross.png?2
Tempoross,Get a unique from Tempoross,Beginner,https://www.runescape.com/img/rsp777/game_icon_tempoross.png?2
Tempoross,Get a unique from Tempoross,Easy,https://www.runescape.com/img/rsp777/game_icon_tempoross.png?2
Tempoross,Get a unique from Tempoross,Easy,https://www.runescape.com/img/rsp777/game_icon_tempoross.png?2
Tempoross,Get a unique from Tempoross,Easy,https://www.runescape.com/img/rsp777/game_icon_tempoross.png?2
Tempoross,Get a unique from Tempoross,Easy,https://www.runescape.com/img/rsp777/game_icon_tempoross.png?2
Tempoross,Get a unique from Tempoross,Easy,https://www.runescape.com/img/rsp777/game_icon_tempoross.png?2
Tempoross,Get a unique from Tempoross,Easy,https://www.runescape.com/img/rsp777/game_icon_tempoross.png?2
Tempoross,Get a unique from Tempoross,Easy,https://www.runescape.com/img/rsp777/game_icon_tempoross.png?2
Tempoross,Get a unique from Tempoross,Easy,https://www.runescape.com/img/rsp777/game_icon_tempoross.png?2
Tempoross,Get a unique from Tempoross,Easy,https://www.runescape.com/img/rsp777/game_icon_tempoross.png?2
Thermonuclear smoke devil,Get a unique from the Thermonuclear smoke devil,Master,https://www.runescape.com/img/rsp777/game_icon_thermonuclearsmokedevil.png?2
Thermonuclear smoke devil,Get a unique from the Thermonuclear smoke devil,Master,https://www.runescape.com/img/rsp777/game_icon_thermonuclearsmokedevil.png?2
Thermonuclear smoke devil,Get a unique from the Thermonuclear smoke devil,Master,https://www.runescape.com/img/rsp777/game_icon_thermonuclearsmokedevil.png?2
Thermonuclear smoke devil,Get a unique from the Thermonuclear smoke devil,Master,https://www.runescape.com/img/rsp777/game_icon_thermonuclearsmokedevil.png?2
Vardorvis,Get a unique from Vardorvis,Master,https://www.runescape.com/img/rsp777/game_icon_vardorvis.png?2
Vardorvis,Get a unique from Vardorvis,Master,https://www.runescape.com/img/rsp777/game_icon_vardorvis.png?2
Vardorvis,Get a unique from Vardorvis,Master,https://www.runescape.com/img/rsp777/game_icon_vardorvis.png?2
Vardorvis,Get a unique from Vardorvis,Master,https://www.runescape.com/img/rsp777/game_icon_vardorvis.png?2
Venenatis/Spindel,Get a unique from Venenatis or Spindel,Hard,https://www.runescape.com/img/rsp777/game_icon_venenatis.png?2
Venenatis/Spindel,Get a unique from Venenatis or Spindel,Hard,https://www.runescape.com/img/rsp777/game_icon_venenatis.png?2
Venenatis/Spindel,Get a unique from Venenatis or Spindel,Hard,https://www.runescape.com/img/rsp777/game_icon_venenatis.png?2
Venenatis/Spindel,Get a unique from Venenatis or Spindel,Hard,https://www.runescape.com/img/rsp777/game_icon_venenatis.png?2
Venenatis/Spindel,Get a unique from Venenatis or Spindel,Hard,https://www.runescape.com/img/rsp777/game_icon_venenatis.png?2
Vet'ion/Calvar'ion,Get a unique from Vet'ion or Calvar'ion,Hard,https://www.runescape.com/img/rsp777/game_icon_vetion.png?2
Vet'ion/Calvar'ion,Get a unique from Vet'ion or Calvar'ion,Hard,https://www.runescape.com/img/rsp777/game_icon_vetion.png?2
Vet'ion/Calvar'ion,Get a unique from Vet'ion or Calvar'ion,Hard,https://www.runescape.com/img/rsp777/game_icon_vetion.png?2
Vet'ion/Calvar'ion,Get a unique from Vet'ion or Calvar'ion,Hard,https://www.runescape.com/img/rsp777/game_icon_vetion.png?2
Vet'ion/Calvar'ion,Get a unique from Vet'ion or Calvar'ion,Hard,https://www.runescape.com/img/rsp777/game_icon_vetion.png?2
Vorkath,Get a unique from Vorkath,Hard,https://www.runescape.com/img/rsp777/game_icon_vorkath.png?2
Vorkath,Get a unique from Vorkath,Hard,https://www.runescape.com/img/rsp777/game_icon_vorkath.png?2
Vorkath,Get a unique from Vorkath,Hard,https://www.runescape.com/img/rsp777/game_icon_vorkath.png?2
Vorkath,Get a unique from Vorkath,Hard,https://www.runescape.com/img/rsp777/game_icon_vorkath.png?2
Vorkath,Get a unique from Vorkath,Hard,https://www.runescape.com/img/rsp777/game_icon_vorkath.png?2
The Whisperer,Get a unique from The Whisperer,Master,https://www.runescape.com/img/rsp777/game_icon_thewhisperer.png?2
The Whisperer,Get a unique from The Whisperer,Master,https://www.runescape.com/img/rsp777/game_icon_thewhisperer.png?2
The Whisperer,Get a unique from The Whisperer,Master,https://www.runescape.com/img/rsp777/game_icon_thewhisperer.png?2
The Whisperer,Get a unique from The Whisperer,Master,https://www.runescape.com/img/rsp777/game_icon_thewhisperer.png?2
Wintertodt,Get a unique from Wintertodt,Beginner,https://www.runescape.com/img/rsp777/game_icon_wintertodt.png?2
Wintertodt,Get a unique from Wintertodt,Beginner,https://www.runescape.com/img/rsp777/game_icon_wintertodt.png?2
Wintertodt,Get a unique from Wintertodt,Easy,https://www.runescape.com/img/rsp777/game_icon_wintertodt.png?2
Wintertodt,Get a unique from Wintertodt,Easy,https://www.runescape.com/img/rsp777/game_icon_wintertodt.png?2
Wintertodt,Get a unique from Wintertodt,Easy,https://www.runescape.com/img/rsp777/game_icon_wintertodt.png?2
Wintertodt,Get a unique from Wintertodt,Easy,https://www.runescape.com/img/rsp777/game_icon_wintertodt.png?2
Wintertodt,Get a unique from Wintertodt,Easy,https://www.runescape.com/img/rsp777/game_icon_wintertodt.png?2
Wintertodt,Get a unique from Wintertodt,Easy,https://www.runescape.com/img/rsp777/game_icon_wintertodt.png?2
Wintertodt,Get a unique from Wintertodt,Easy,https://www.runescape.com/img/rsp777/game_icon_wintertodt.png?2
Yama,Get a unique from Yama,Master,https://www.runescape.com/img/rsp777/game_icon_yama.png?2
Yama,Get a unique from Yama,Master,https://www.runescape.com/img/rsp777/game_icon_yama.png?2
Yama,Get a unique from Yama,Master,https://www.runescape.com/img/rsp777/game_icon_yama.png?2
Yama,Get a unique from Yama,Master,https://www.runescape.com/img/rsp777/game_icon_yama.png?2
Yama,Get a unique from Yama,Master,https://www.runescape.com/img/rsp777/game_icon_yama.png?2
Yama,Get a unique from Yama,Master,https://www.runescape.com/img/rsp777/game_icon_yama.png?2
Yama,Get a unique from Yama,Master,https://www.runescape.com/img/rsp777/game_icon_yama.png?2
Yama,Get a unique from Yama,Master,https://www.runescape.com/img/rsp777/game_icon_yama.png?2
Yama,Get a unique from Yama,Master,https://www.runescape.com/img/rsp777/game_icon_yama.png?2
Yama,Get a unique from Yama,Master,https://www.runescape.com/img/rsp777/game_icon_yama.png?2
Zalcano,Get a unique from Zalcano,Elite,https://www.runescape.com/img/rsp777/game_icon_zalcano.png?2
Zalcano,Get a unique from Zalcano,Elite,https://www.runescape.com/img/rsp777/game_icon_zalcano.png?2
Zalcano,Get a unique from Zalcano,Elite,https://www.runescape.com/img/rsp777/game_icon_zalcano.png?2
Zulrah,Get a unique from Zulrah,Elite,https://www.runescape.com/img/rsp777/game_icon_zulrah.png?2
Zulrah,Get a unique from Zulrah,Elite,https://www.runescape.com/img/rsp777/game_icon_zulrah.png?2
Zulrah,Get a unique from Zulrah,Elite,https://www.runescape.com/img/rsp777/game_icon_zulrah.png?2
Zulrah,Get a unique from Zulrah,Elite,https://www.runescape.com/img/rsp777/game_icon_zulrah.png?2
Zulrah,Get a unique from Zulrah,Elite,https://www.runescape.com/img/rsp777/game_icon_zulrah.png?2
Zulrah,Get a unique from Zulrah,Elite,https://www.runescape.com/img/rsp777/game_icon_zulrah.png?2
Zulrah,Get a unique from Zulrah,Elite,https://www.runescape.com/img/rsp777/game_icon_zulrah.png?2
Zulrah,Get a unique from Zulrah,Elite,https://www.runescape.com/img/rsp777/game_icon_zulrah.png?2
Zulrah,Get a unique from Zulrah,Elite,https://www.runescape.com/img/rsp777/game_icon_zulrah.png?2
Chambers of Xeric,Get a unique from the Chambers of Xeric,Master,https://www.runescape.com/img/rsp777/game_icon_chambersofxeric.png?2
Chambers of Xeric,Get a unique from the Chambers of Xeric,Master,https://www.runescape.com/img/rsp777/game_icon_chambersofxeric.png?2
Chambers of Xeric,Get a unique from the Chambers of Xeric,Master,https://www.runescape.com/img/rsp777/game_icon_chambersofxeric.png?2
Chambers of Xeric,Get a unique from the Chambers of Xeric,Master,https://www.runescape.com/img/rsp777/game_icon_chambersofxeric.png?2
Chambers of Xeric,Get a unique from the Chambers of Xeric,Master,https://www.runescape.com/img/rsp777/game_icon_chambersofxeric.png?2
Chambers of Xeric,Get a unique from the Chambers of Xeric,Master,https://www.runescape.com/img/rsp777/game_icon_chambersofxeric.png?2
Chambers of Xeric,Get a unique from the Chambers of Xeric,Master,https://www.runescape.com/img/rsp777/game_icon_chambersofxeric.png?2
Chambers of Xeric,Get a unique from the Chambers of Xeric,Master,https://www.runescape.com/img/rsp777/game_icon_chambersofxeric.png?2
Chambers of Xeric,Get a unique from the Chambers of Xeric,Master,https://www.runescape.com/img/rsp777/game_icon_chambersofxeric.png?2
Chambers of Xeric,Get a unique from the Chambers of Xeric,Master,https://www.runescape.com/img/rsp777/game_icon_chambersofxeric.png?2
Chambers of Xeric,Get a unique from the Chambers of Xeric,Master,https://www.runescape.com/img/rsp777/game_icon_chambersofxeric.png?2
Chambers of Xeric,Get a unique from the Chambers of Xeric,Master,https://www.runescape.com/img/rsp777/game_icon_chambersofxeric.png?2
Chambers of Xeric,Get a unique from the Chambers of Xeric,Master,https://www.runescape.com/img/rsp777/game_icon_chambersofxeric.png?2
Chambers of Xeric,Get a unique from the Chambers of Xeric,Master,https://www.runescape.com/img/rsp777/game_icon_chambersofxeric.png?2
Chambers of Xeric,Get a unique from the Chambers of Xeric,Master,https://www.runescape.com/img/rsp777/game_icon_chambersofxeric.png?2
Chambers of Xeric,Get a unique from the Chambers of Xeric,Master,https://www.runescape.com/img/rsp777/game_icon_chambersofxeric.png?2
Chambers of Xeric,Get a unique from the Chambers of Xeric,Master,https://www.runescape.com/img/rsp777/game_icon_chambersofxeric.png?2
Chambers of Xeric,Get a unique from the Chambers of Xeric,Master,https://www.runescape.com/img/rsp777/game_icon_chambersofxeric.png?2
Chambers of Xeric,Get a unique from the Chambers of Xeric,Master,https://www.runescape.com/img/rsp777/game_icon_chambersofxeric.png?2
Chambers of Xeric,Get a unique from the Chambers of Xeric,Master,https://www.runescape.com/img/rsp777/game_icon_chambersofxeric.png?2
Chambers of Xeric,Get a unique from the Chambers of Xeric,Master,https://www.runescape.com/img/rsp777/game_icon_chambersofxeric.png?2
Chambers of Xeric,Get a unique from the Chambers of Xeric,Master,https://www.runescape.com/img/rsp777/game_icon_chambersofxeric.png?2
Theatre of Blood,Get a unique from the Theatre of Blood,Master,https://www.runescape.com/img/rsp777/game_icon_theatreofblood.png?2
Theatre of Blood,Get a unique from the Theatre of Blood,Master,https://www.runescape.com/img/rsp777/game_icon_theatreofblood.png?2
Theatre of Blood,Get a unique from the Theatre of Blood,Master,https://www.runescape.com/img/rsp777/game_icon_theatreofblood.png?2
Theatre of Blood,Get a unique from the Theatre of Blood,Master,https://www.runescape.com/img/rsp777/game_icon_theatreofblood.png?2
Theatre of Blood,Get a unique from the Theatre of Blood,Master,https://www.runescape.com/img/rsp777/game_icon_theatreofblood.png?2
Theatre of Blood,Get a unique from the Theatre of Blood,Master,https://www.runescape.com/img/rsp777/game_icon_theatreofblood.png?2
Theatre of Blood,Get a unique from the Theatre of Blood,Master,https://www.runescape.com/img/rsp777/game_icon_theatreofblood.png?2
Theatre of Blood,Get a unique from the Theatre of Blood,Master,https://www.runescape.com/img/rsp777/game_icon_theatreofblood.png?2
Theatre of Blood,Get a unique from the Theatre of Blood,Master,https://www.runescape.com/img/rsp777/game_icon_theatreofblood.png?2
Theatre of Blood,Get a unique from the Theatre of Blood,Master,https://www.runescape.com/img/rsp777/game_icon_theatreofblood.png?2
Theatre of Blood,Get a unique from the Theatre of Blood,Master,https://www.runescape.com/img/rsp777/game_icon_theatreofblood.png?2
Theatre of Blood,Get a unique from the Theatre of Blood,Master,https://www.runescape.com/img/rsp777/game_icon_theatreofblood.png?2
Theatre of Blood,Get a unique from the Theatre of Blood,Master,https://www.runescape.com/img/rsp777/game_icon_theatreofblood.png?2
Theatre of Blood,Get a unique from the Theatre of Blood,Master,https://www.runescape.com/img/rsp777/game_icon_theatreofblood.png?2
Theatre of Blood,Get a unique from the Theatre of Blood,Master,https://www.runescape.com/img/rsp777/game_icon_theatreofblood.png?2
Theatre of Blood,Get a unique from the Theatre of Blood,Master,https://www.runescape.com/img/rsp777/game_icon_theatreofblood.png?2
Tombs of Amascut,Get a unique from the Tombs of Amascut,Elite,https://www.runescape.com/img/rsp777/game_icon_tombsofamascut.png?2
Tombs of Amascut,Get a unique from the Tombs of Amascut,Elite,https://www.runescape.com/img/rsp777/game_icon_tombsofamascut.png?2
Tombs of Amascut,Get a unique from the Tombs of Amascut,Elite,https://www.runescape.com/img/rsp777/game_icon_tombsofamascut.png?2
Tombs of Amascut,Get a unique from the Tombs of Amascut,Elite,https://www.runescape.com/img/rsp777/game_icon_tombsofamascut.png?2
Tombs of Amascut,Get a unique from the Tombs of Amascut,Elite,https://www.runescape.com/img/rsp777/game_icon_tombsofamascut.png?2
Tombs of Amascut,Get a unique from the Tombs of Amascut,Elite,https://www.runescape.com/img/rsp777/game_icon_tombsofamascut.png?2
Tombs of Amascut,Get a unique from the Tombs of Amascut,Master,https://www.runescape.com/img/rsp777/game_icon_tombsofamascut.png?2
Tombs of Amascut,Get a unique from the Tombs of Amascut,Master,https://www.runescape.com/img/rsp777/game_icon_tombsofamascut.png?2
Tombs of Amascut,Get a unique from the Tombs of Amascut,Master,https://www.runescape.com/img/rsp777/game_icon_tombsofamascut.png?2
Tombs of Amascut,Get a unique from the Tombs of Amascut,Master,https://www.runescape.com/img/rsp777/game_icon_tombsofamascut.png?2
Tombs of Amascut,Get a unique from the Tombs of Amascut,Master,https://www.runescape.com/img/rsp777/game_icon_tombsofamascut.png?2
Tombs of Amascut,Get a unique from the Tombs of Amascut,Master,https://www.runescape.com/img/rsp777/game_icon_tombsofamascut.png?2
Tombs of Amascut,Get a unique from the Tombs of Amascut,Master,https://www.runescape.com/img/rsp777/game_icon_tombsofamascut.png?2
Tombs of Amascut,Get a unique from the Tombs of Amascut,Master,https://www.runescape.com/img/rsp777/game_icon_tombsofamascut.png?2
Tombs of Amascut,Get a unique from the Tombs of Amascut,Master,https://www.runescape.com/img/rsp777/game_icon_tombsofamascut.png?2
Tombs of Amascut,Get a unique from the Tombs of Amascut,Master,https://www.runescape.com/img/rsp777/game_icon_tombsofamascut.png?2
Tombs of Amascut,Get a unique from the Tombs of Amascut,Master,https://www.runescape.com/img/rsp777/game_icon_tombsofamascut.png?2
Tombs of Amascut,Get a unique from the Tombs of Amascut,Master,https://www.runescape.com/img/rsp777/game_icon_tombsofamascut.png?2
Tombs of Amascut,Get a unique from the Tombs of Amascut,Master,https://www.runescape.com/img/rsp777/game_icon_tombsofamascut.png?2
Tombs of Amascut,Get a unique from the Tombs of Amascut,Master,https://www.runescape.com/img/rsp777/game_icon_tombsofamascut.png?2
Tombs of Amascut,Get a unique from the Tombs of Amascut,Master,https://www.runescape.com/img/rsp777/game_icon_tombsofamascut.png?2
Tombs of Amascut,Get a unique from the Tombs of Amascut,Master,https://www.runescape.com/img/rsp777/game_icon_tombsofamascut.png?2
Tombs of Amascut,Get a unique from the Tombs of Amascut,Master,https://www.runescape.com/img/rsp777/game_icon_tombsofamascut.png?2
Tombs of Amascut,Get a unique from the Tombs of Amascut,Master,https://www.runescape.com/img/rsp777/game_icon_tombsofamascut.png?2
Tombs of Amascut,Get a unique from the Tombs of Amascut,Master,https://www.runescape.com/img/rsp777/game_icon_tombsofamascut.png?2
Tombs of Amascut,Get a unique from the Tombs of Amascut,Master,https://www.runescape.com/img/rsp777/game_icon_tombsofamascut.png?2
Tombs of Amascut,Get a unique from the Tombs of Amascut,Master,https://www.runescape.com/img/rsp777/game_icon_tombsofamascut.png?2
PvM Pet,Obtain a PvM pet,Passive,https://oldschool.runescape.wiki/images/Summoning_icon.png?97fc0
PvM Pet,Obtain a PvM pet,Passive,https://oldschool.runescape.wiki/images/Summoning_icon.png?97fc0
PvM Pet,Obtain a PvM pet,Passive,https://oldschool.runescape.wiki/images/Summoning_icon.png?97fc0
PvM Pet,Obtain a PvM pet,Passive,https://oldschool.runescape.wiki/images/Summoning_icon.png?97fc0
PvM Pet,Obtain a PvM pet,Passive,https://oldschool.runescape.wiki/images/Summoning_icon.png?97fc0
PvM Pet,Obtain a PvM pet,Passive,https://oldschool.runescape.wiki/images/Summoning_icon.png?97fc0
PvM Pet,Obtain a PvM pet,Passive,https://oldschool.runescape.wiki/images/Summoning_icon.png?97fc0
PvM Pet,Obtain a PvM pet,Passive,https://oldschool.runescape.wiki/images/Summoning_icon.png?97fc0
PvM Pet,Obtain a PvM pet,Passive,https://oldschool.runescape.wiki/images/Summoning_icon.png?97fc0
PvM Pet,Obtain a PvM pet,Passive,https://oldschool.runescape.wiki/images/Summoning_icon.png?97fc0
PvM Pet,Obtain a PvM pet,Passive,https://oldschool.runescape.wiki/images/Summoning_icon.png?97fc0
PvM Pet,Obtain a PvM pet,Passive,https://oldschool.runescape.wiki/images/Summoning_icon.png?97fc0
PvM Pet,Obtain a PvM pet,Passive,https://oldschool.runescape.wiki/images/Summoning_icon.png?97fc0
PvM Pet,Obtain a PvM pet,Passive,https://oldschool.runescape.wiki/images/Summoning_icon.png?97fc0
PvM Pet,Obtain a PvM pet,Passive,https://oldschool.runescape.wiki/images/Summoning_icon.png?97fc0
PvM Pet,Obtain a PvM pet,Passive,https://oldschool.runescape.wiki/images/Summoning_icon.png?97fc0
PvM Pet,Obtain a PvM pet,Passive,https://oldschool.runescape.wiki/images/Summoning_icon.png?97fc0
PvM Pet,Obtain a PvM pet,Passive,https://oldschool.runescape.wiki/images/Summoning_icon.png?97fc0
PvM Pet,Obtain a PvM pet,Passive,https://oldschool.runescape.wiki/images/Summoning_icon.png?97fc0
PvM Pet,Obtain a PvM pet,Passive,https://oldschool.runescape.wiki/images/Summoning_icon.png?97fc0
PvM Pet,Obtain a PvM pet,Passive,https://oldschool.runescape.wiki/images/Summoning_icon.png?97fc0
PvM Pet,Obtain a PvM pet,Passive,https://oldschool.runescape.wiki/images/Summoning_icon.png?97fc0
PvM Pet,Obtain a PvM pet,Passive,https://oldschool.runescape.wiki/images/Summoning_icon.png?97fc0
PvM Pet,Obtain a PvM pet,Passive,https://oldschool.runescape.wiki/images/Summoning_icon.png?97fc0
PvM Pet,Obtain a PvM pet,Passive,https://oldschool.runescape.wiki/images/Summoning_icon.png?97fc0
PvM Pet,Obtain a PvM pet,Passive,https://oldschool.runescape.wiki/images/Summoning_icon.png?97fc0
PvM Pet,Obtain a PvM pet,Passive,https://oldschool.runescape.wiki/images/Summoning_icon.png?97fc0
PvM Pet,Obtain a PvM pet,Passive,https://oldschool.runescape.wiki/images/Summoning_icon.png?97fc0
PvM Pet,Obtain a PvM pet,Passive,https://oldschool.runescape.wiki/images/Summoning_icon.png?97fc0
PvM Pet,Obtain a PvM pet,Passive,https://oldschool.runescape.wiki/images/Summoning_icon.png?97fc0
PvM Pet,Obtain a PvM pet,Passive,https://oldschool.runescape.wiki/images/Summoning_icon.png?97fc0
PvM Pet,Obtain a PvM pet,Passive,https://oldschool.runescape.wiki/images/Summoning_icon.png?97fc0
PvM Pet,Obtain a PvM pet,Passive,https://oldschool.runescape.wiki/images/Summoning_icon.png?97fc0
PvM Pet,Obtain a PvM pet,Passive,https://oldschool.runescape.wiki/images/Summoning_icon.png?97fc0
PvM Pet,Obtain a PvM pet,Passive,https://oldschool.runescape.wiki/images/Summoning_icon.png?97fc0
PvM Pet,Obtain a PvM pet,Passive,https://oldschool.runescape.wiki/images/Summoning_icon.png?97fc0
PvM Pet,Obtain a PvM pet,Passive,https://oldschool.runescape.wiki/images/Summoning_icon.png?97fc0
PvM Pet,Obtain a PvM pet,Passive,https://oldschool.runescape.wiki/images/Summoning_icon.png?97fc0
PvM Pet,Obtain a PvM pet,Passive,https://oldschool.runescape.wiki/images/Summoning_icon.png?97fc0
PvM Pet,Obtain a PvM pet,Passive,https://oldschool.runescape.wiki/images/Summoning_icon.png?97fc0
PvM Pet,Obtain a PvM pet,Passive,https://oldschool.runescape.wiki/images/Summoning_icon.png?97fc0
PvM Pet,Obtain a PvM pet,Passive,https://oldschool.runescape.wiki/images/Summoning_icon.png?97fc0
PvM Pet,Obtain a PvM pet,Passive,https://oldschool.runescape.wiki/images/Summoning_icon.png?97fc0
PvM Pet,Obtain a PvM pet,Passive,https://oldschool.runescape.wiki/images/Summoning_icon.png?97fc0
PvM Pet,Obtain a PvM pet,Passive,https://oldschool.runescape.wiki/images/Summoning_icon.png?97fc0
PvM Pet,Obtain a PvM pet,Passive,https://oldschool.runescape.wiki/images/Summoning_icon.png?97fc0
PvM Pet,Obtain a PvM pet,Passive,https://oldschool.runescape.wiki/images/Summoning_icon.png?97fc0
PvM Pet,Obtain a PvM pet,Passive,https://oldschool.runescape.wiki/images/Summoning_icon.png?97fc0
PvM Pet,Obtain a PvM pet,Passive,https://oldschool.runescape.wiki/images/Summoning_icon.png?97fc0
PvM Pet,Obtain a PvM pet,Passive,https://oldschool.runescape.wiki/images/Summoning_icon.png?97fc0
Beginner Treasure Trails,Get 2 uniques from Beginner Treasure Trails,Beginner,https://oldschool.runescape.wiki/images/Clue_scroll_%28beginner%29.png?09bb0
Beginner Treasure Trails,Get 2 uniques from Beginner Treasure Trails,Beginner,https://oldschool.runescape.wiki/images/Clue_scroll_%28beginner%29.png?09bb0
Beginner Treasure Trails,Get 2 uniques from Beginner Treasure Trails,Beginner,https://oldschool.runescape.wiki/images/Clue_scroll_%28beginner%29.png?09bb0
Beginner Treasure Trails,Get 2 uniques from Beginner Treasure Trails,Beginner,https://oldschool.runescape.wiki/images/Clue_scroll_%28beginner%29.png?09bb0
Beginner Treasure Trails,Get 2 uniques from Beginner Treasure Trails,Beginner,https://oldschool.runescape.wiki/images/Clue_scroll_%28beginner%29.png?09bb0
Beginner Treasure Trails,Get 2 uniques from Beginner Treasure Trails,Beginner,https://oldschool.runescape.wiki/images/Clue_scroll_%28beginner%29.png?09bb0
Beginner Treasure Trails,Get 2 uniques from Beginner Treasure Trails,Beginner,https://oldschool.runescape.wiki/images/Clue_scroll_%28beginner%29.png?09bb0
Beginner Treasure Trails,Get 2 uniques from Beginner Treasure Trails,Beginner,https://oldschool.runescape.wiki/images/Clue_scroll_%28beginner%29.png?09bb0
Easy Treasure Trails,Get 4 uniques from Easy Treasure Trails,Beginner,https://oldschool.runescape.wiki/images/Clue_scroll_%28easy%29.png?e29cd
Easy Treasure Trails,Get 4 uniques from Easy Treasure Trails,Beginner,https://oldschool.runescape.wiki/images/Clue_scroll_%28easy%29.png?e29cd
Easy Treasure Trails,Get 3 uniques from Easy Treasure Trails,Easy,https://oldschool.runescape.wiki/images/Clue_scroll_%28easy%29.png?e29cd
Easy Treasure Trails,Get 3 uniques from Easy Treasure Trails,Easy,https://oldschool.runescape.wiki/images/Clue_scroll_%28easy%29.png?e29cd
Easy Treasure Trails,Get 3 uniques from Easy Treasure Trails,Easy,https://oldschool.runescape.wiki/images/Clue_scroll_%28easy%29.png?e29cd
Easy Treasure Trails,Get 3 uniques from Easy Treasure Trails,Easy,https://oldschool.runescape.wiki/images/Clue_scroll_%28easy%29.png?e29cd
Easy Treasure Trails,Get 2 uniques from Easy Treasure Trails,Medium,https://oldschool.runescape.wiki/images/Clue_scroll_%28easy%29.png?e29cd
Easy Treasure Trails,Get 2 uniques from Easy Treasure Trails,Medium,https://oldschool.runescape.wiki/images/Clue_scroll_%28easy%29.png?e29cd
Easy Treasure Trails,Get 2 uniques from Easy Treasure Trails,Medium,https://oldschool.runescape.wiki/images/Clue_scroll_%28easy%29.png?e29cd
Easy Treasure Trails,Get 2 uniques from Easy Treasure Trails,Medium,https://oldschool.runescape.wiki/images/Clue_scroll_%28easy%29.png?e29cd
Easy Treasure Trails,Get 2 uniques from Easy Treasure Trails,Medium,https://oldschool.runescape.wiki/images/Clue_scroll_%28easy%29.png?e29cd
Easy Treasure Trails,Get 4 uniques from Easy Treasure Trails,Medium,https://oldschool.runescape.wiki/images/Clue_scroll_%28easy%29.png?e29cd
Easy Treasure Trails,Get 4 uniques from Easy Treasure Trails,Medium,https://oldschool.runescape.wiki/images/Clue_scroll_%28easy%29.png?e29cd
Easy Treasure Trails,Get 4 uniques from Easy Treasure Trails,Medium,https://oldschool.runescape.wiki/images/Clue_scroll_%28easy%29.png?e29cd
Easy Treasure Trails,Get 4 uniques from Easy Treasure Trails,Medium,https://oldschool.runescape.wiki/images/Clue_scroll_%28easy%29.png?e29cd
Easy Treasure Trails,Get 5 uniques from Easy Treasure Trails,Hard,https://oldschool.runescape.wiki/images/Clue_scroll_%28easy%29.png?e29cd
Easy Treasure Trails,Get 5 uniques from Easy Treasure Trails,Hard,https://oldschool.runescape.wiki/images/Clue_scroll_%28easy%29.png?e29cd
Easy Treasure Trails,Get 5 uniques from Easy Treasure Trails,Hard,https://oldschool.runescape.wiki/images/Clue_scroll_%28easy%29.png?e29cd
Easy Treasure Trails,Get 5 uniques from Easy Treasure Trails,Hard,https://oldschool.runescape.wiki/images/Clue_scroll_%28easy%29.png?e29cd
Easy Treasure Trails,Get 5 uniques from Easy Treasure Trails,Hard,https://oldschool.runescape.wiki/images/Clue_scroll_%28easy%29.png?e29cd
Easy Treasure Trails,Get 5 uniques from Easy Treasure Trails,Elite,https://oldschool.runescape.wiki/images/Clue_scroll_%28easy%29.png?e29cd
Easy Treasure Trails,Get 5 uniques from Easy Treasure Trails,Elite,https://oldschool.runescape.wiki/images/Clue_scroll_%28easy%29.png?e29cd
Easy Treasure Trails,Get 5 uniques from Easy Treasure Trails,Elite,https://oldschool.runescape.wiki/images/Clue_scroll_%28easy%29.png?e29cd
Easy Treasure Trails,Get 5 uniques from Easy Treasure Trails,Elite,https://oldschool.runescape.wiki/images/Clue_scroll_%28easy%29.png?e29cd
Easy Treasure Trails,Get 5 uniques from Easy Treasure Trails,Elite,https://oldschool.runescape.wiki/images/Clue_scroll_%28easy%29.png?e29cd
Easy Treasure Trails,Get 5 uniques from Easy Treasure Trails,Master,https://oldschool.runescape.wiki/images/Clue_scroll_%28easy%29.png?e29cd
Easy Treasure Trails,Get 5 uniques from Easy Treasure Trails,Master,https://oldschool.runescape.wiki/images/Clue_scroll_%28easy%29.png?e29cd
Easy Treasure Trails,Get 5 uniques from Easy Treasure Trails,Master,https://oldschool.runescape.wiki/images/Clue_scroll_%28easy%29.png?e29cd
Easy Treasure Trails,Get 5 uniques from Easy Treasure Trails,Master,https://oldschool.runescape.wiki/images/Clue_scroll_%28easy%29.png?e29cd
Easy Treasure Trails,Get 5 uniques from Easy Treasure Trails,Master,https://oldschool.runescape.wiki/images/Clue_scroll_%28easy%29.png?e29cd
Easy Treasure Trails,Get 5 uniques from Easy Treasure Trails,Master,https://oldschool.runescape.wiki/images/Clue_scroll_%28easy%29.png?e29cd
Easy Treasure Trails,Get 5 uniques from Easy Treasure Trails,Master,https://oldschool.runescape.wiki/images/Clue_scroll_%28easy%29.png?e29cd
Medium Treasure Trails,Get 3 uniques from Medium Treasure Trails,Easy,https://oldschool.runescape.wiki/images/Clue_scroll_%28medium%29.png?e18ce
Medium Treasure Trails,Get 3 uniques from Medium Treasure Trails,Easy,https://oldschool.runescape.wiki/images/Clue_scroll_%28medium%29.png?e18ce
Medium Treasure Trails,Get 3 uniques from Medium Treasure Trails,Easy,https://oldschool.runescape.wiki/images/Clue_scroll_%28medium%29.png?e18ce
Medium Treasure Trails,Get 3 uniques from Medium Treasure Trails,Easy,https://oldschool.runescape.wiki/images/Clue_scroll_%28medium%29.png?e18ce
Medium Treasure Trails,Get 3 uniques from Medium Treasure Trails,Easy,https://oldschool.runescape.wiki/images/Clue_scroll_%28medium%29.png?e18ce
Medium Treasure Trails,Get 4 uniques from Medium Treasure Trails,Medium,https://oldschool.runescape.wiki/images/Clue_scroll_%28medium%29.png?e18ce
Medium Treasure Trails,Get 4 uniques from Medium Treasure Trails,Medium,https://oldschool.runescape.wiki/images/Clue_scroll_%28medium%29.png?e18ce
Medium Treasure Trails,Get 4 uniques from Medium Treasure Trails,Medium,https://oldschool.runescape.wiki/images/Clue_scroll_%28medium%29.png?e18ce
Medium Treasure Trails,Get 4 uniques from Medium Treasure Trails,Medium,https://oldschool.runescape.wiki/images/Clue_scroll_%28medium%29.png?e18ce
Medium Treasure Trails,Get 4 uniques from Medium Treasure Trails,Medium,https://oldschool.runescape.wiki/images/Clue_scroll_%28medium%29.png?e18ce
Medium Treasure Trails,Get 4 uniques from Medium Treasure Trails,Medium,https://oldschool.runescape.wiki/images/Clue_scroll_%28medium%29.png?e18ce
Medium Treasure Trails,Get 4 uniques from Medium Treasure Trails,Medium,https://oldschool.runescape.wiki/images/Clue_scroll_%28medium%29.png?e18ce
Medium Treasure Trails,Get 4 uniques from Medium Treasure Trails,Hard,https://oldschool.runescape.wiki/images/Clue_scroll_%28medium%29.png?e18ce
Medium Treasure Trails,Get 4 uniques from Medium Treasure Trails,Hard,https://oldschool.runescape.wiki/images/Clue_scroll_%28medium%29.png?e18ce
Medium Treasure Trails,Get 4 uniques from Medium Treasure Trails,Hard,https://oldschool.runescape.wiki/images/Clue_scroll_%28medium%29.png?e18ce
Medium Treasure Trails,Get 4 uniques from Medium Treasure Trails,Hard,https://oldschool.runescape.wiki/images/Clue_scroll_%28medium%29.png?e18ce
Medium Treasure Trails,Get 4 uniques from Medium Treasure Trails,Hard,https://oldschool.runescape.wiki/images/Clue_scroll_%28medium%29.png?e18ce
Medium Treasure Trails,Get 4 uniques from Medium Treasure Trails,Hard,https://oldschool.runescape.wiki/images/Clue_scroll_%28medium%29.png?e18ce
Medium Treasure Trails,Get 4 uniques from Medium Treasure Trails,Elite,https://oldschool.runescape.wiki/images/Clue_scroll_%28medium%29.png?e18ce
Medium Treasure Trails,Get 4 uniques from Medium Treasure Trails,Elite,https://oldschool.runescape.wiki/images/Clue_scroll_%28medium%29.png?e18ce
Medium Treasure Trails,Get 4 uniques from Medium Treasure Trails,Elite,https://oldschool.runescape.wiki/images/Clue_scroll_%28medium%29.png?e18ce
Medium Treasure Trails,Get 4 uniques from Medium Treasure Trails,Elite,https://oldschool.runescape.wiki/images/Clue_scroll_%28medium%29.png?e18ce
Medium Treasure Trails,Get 4 uniques from Medium Treasure Trails,Elite,https://oldschool.runescape.wiki/images/Clue_scroll_%28medium%29.png?e18ce
Medium Treasure Trails,Get 4 uniques from Medium Treasure Trails,Elite,https://oldschool.runescape.wiki/images/Clue_scroll_%28medium%29.png?e18ce
Medium Treasure Trails,Get 4 uniques from Medium Treasure Trails,Master,https://oldschool.runescape.wiki/images/Clue_scroll_%28medium%29.png?e18ce
Medium Treasure Trails,Get 4 uniques from Medium Treasure Trails,Master,https://oldschool.runescape.wiki/images/Clue_scroll_%28medium%29.png?e18ce
Medium Treasure Trails,Get 4 uniques from Medium Treasure Trails,Master,https://oldschool.runescape.wiki/images/Clue_scroll_%28medium%29.png?e18ce
Medium Treasure Trails,Get 4 uniques from Medium Treasure Trails,Master,https://oldschool.runescape.wiki/images/Clue_scroll_%28medium%29.png?e18ce
Medium Treasure Trails,Get 4 uniques from Medium Treasure Trails,Master,https://oldschool.runescape.wiki/images/Clue_scroll_%28medium%29.png?e18ce
Medium Treasure Trails,Get 4 uniques from Medium Treasure Trails,Master,https://oldschool.runescape.wiki/images/Clue_scroll_%28medium%29.png?e18ce
Hard Treasure Trails,Get 2 uniques from Hard Treasure Trails,Medium,https://oldschool.runescape.wiki/images/Clue_scroll_%28hard%29.png?e29cd
Hard Treasure Trails,Get 3 uniques from Hard Treasure Trails,Medium,https://oldschool.runescape.wiki/images/Clue_scroll_%28hard%29.png?e29cd
Hard Treasure Trails,Get 3 uniques from Hard Treasure Trails,Medium,https://oldschool.runescape.wiki/images/Clue_scroll_%28hard%29.png?e29cd
Hard Treasure Trails,Get 3 uniques from Hard Treasure Trails,Medium,https://oldschool.runescape.wiki/images/Clue_scroll_%28hard%29.png?e29cd
Hard Treasure Trails,Get 3 uniques from Hard Treasure Trails,Medium,https://oldschool.runescape.wiki/images/Clue_scroll_%28hard%29.png?e29cd
Hard Treasure Trails,Get 3 uniques from Hard Treasure Trails,Medium,https://oldschool.runescape.wiki/images/Clue_scroll_%28hard%29.png?e29cd
Hard Treasure Trails,Get 3 uniques from Hard Treasure Trails,Medium,https://oldschool.runescape.wiki/images/Clue_scroll_%28hard%29.png?e29cd
Hard Treasure Trails,Get 3 uniques from Hard Treasure Trails,Medium,https://oldschool.runescape.wiki/images/Clue_scroll_%28hard%29.png?e29cd
Hard Treasure Trails,Get 3 uniques from Hard Treasure Trails,Medium,https://oldschool.runescape.wiki/images/Clue_scroll_%28hard%29.png?e29cd
Hard Treasure Trails,Get 4 uniques from Hard Treasure Trails,Hard,https://oldschool.runescape.wiki/images/Clue_scroll_%28hard%29.png?e29cd
Hard Treasure Trails,Get 4 uniques from Hard Treasure Trails,Hard,https://oldschool.runescape.wiki/images/Clue_scroll_%28hard%29.png?e29cd
Hard Treasure Trails,Get 4 uniques from Hard Treasure Trails,Hard,https://oldschool.runescape.wiki/images/Clue_scroll_%28hard%29.png?e29cd
Hard Treasure Trails,Get 4 uniques from Hard Treasure Trails,Hard,https://oldschool.runescape.wiki/images/Clue_scroll_%28hard%29.png?e29cd
Hard Treasure Trails,Get 4 uniques from Hard Treasure Trails,Hard,https://oldschool.runescape.wiki/images/Clue_scroll_%28hard%29.png?e29cd
Hard Treasure Trails,Get 4 uniques from Hard Treasure Trails,Hard,https://oldschool.runescape.wiki/images/Clue_scroll_%28hard%29.png?e29cd
Hard Treasure Trails,Get 4 uniques from Hard Treasure Trails,Hard,https://oldschool.runescape.wiki/images/Clue_scroll_%28hard%29.png?e29cd
Hard Treasure Trails,Get 4 uniques from Hard Treasure Trails,Hard,https://oldschool.runescape.wiki/images/Clue_scroll_%28hard%29.png?e29cd
Hard Treasure Trails,Get 4 uniques from Hard Treasure Trails,Elite,https://oldschool.runescape.wiki/images/Clue_scroll_%28hard%29.png?e29cd
Hard Treasure Trails,Get 4 uniques from Hard Treasure Trails,Elite,https://oldschool.runescape.wiki/images/Clue_scroll_%28hard%29.png?e29cd
Hard Treasure Trails,Get 4 uniques from Hard Treasure Trails,Elite,https://oldschool.runescape.wiki/images/Clue_scroll_%28hard%29.png?e29cd
Hard Treasure Trails,Get 4 uniques from Hard Treasure Trails,Elite,https://oldschool.runescape.wiki/images/Clue_scroll_%28hard%29.png?e29cd
Hard Treasure Trails,Get 4 uniques from Hard Treasure Trails,Elite,https://oldschool.runescape.wiki/images/Clue_scroll_%28hard%29.png?e29cd
Hard Treasure Trails,Get 4 uniques from Hard Treasure Trails,Elite,https://oldschool.runescape.wiki/images/Clue_scroll_%28hard%29.png?e29cd
Hard Treasure Trails,Get 4 uniques from Hard Treasure Trails,Elite,https://oldschool.runescape.wiki/images/Clue_scroll_%28hard%29.png?e29cd
Hard Treasure Trails,Get 4 uniques from Hard Treasure Trails,Elite,https://oldschool.runescape.wiki/images/Clue_scroll_%28hard%29.png?e29cd
Hard Treasure Trails,Get 4 uniques from Hard Treasure Trails,Master,https://oldschool.runescape.wiki/images/Clue_scroll_%28hard%29.png?e29cd
Hard Treasure Trails,Get 4 uniques from Hard Treasure Trails,Master,https://oldschool.runescape.wiki/images/Clue_scroll_%28hard%29.png?e29cd
Hard Treasure Trails,Get 4 uniques from Hard Treasure Trails,Master,https://oldschool.runescape.wiki/images/Clue_scroll_%28hard%29.png?e29cd
Hard Treasure Trails,Get 4 uniques from Hard Treasure Trails,Master,https://oldschool.runescape.wiki/images/Clue_scroll_%28hard%29.png?e29cd
Hard Treasure Trails,Get 4 uniques from Hard Treasure Trails,Master,https://oldschool.runescape.wiki/images/Clue_scroll_%28hard%29.png?e29cd
Hard Treasure Trails,Get 4 uniques from Hard Treasure Trails,Master,https://oldschool.runescape.wiki/images/Clue_scroll_%28hard%29.png?e29cd
Hard Treasure Trails,Get 4 uniques from Hard Treasure Trails,Master,https://oldschool.runescape.wiki/images/Clue_scroll_%28hard%29.png?e29cd
Hard Treasure Trails,Get 4 uniques from Hard Treasure Trails,Master,https://oldschool.runescape.wiki/images/Clue_scroll_%28hard%29.png?e29cd
Hard Treasure Trails,Get 4 uniques from Hard Treasure Trails,Master,https://oldschool.runescape.wiki/images/Clue_scroll_%28hard%29.png?e29cd
Hard Treasure Trails,Get 4 uniques from Hard Treasure Trails,Master,https://oldschool.runescape.wiki/images/Clue_scroll_%28hard%29.png?e29cd
Hard Treasure Trails,Get 4 uniques from Hard Treasure Trails,Master,https://oldschool.runescape.wiki/images/Clue_scroll_%28hard%29.png?e29cd
Elite Treasure Trails,Get 1 uniques from Elite Treasure Trails,Hard,https://oldschool.runescape.wiki/images/Clue_scroll_%28elite%29.png?e29cd
Elite Treasure Trails,Get 1 uniques from Elite Treasure Trails,Hard,https://oldschool.runescape.wiki/images/Clue_scroll_%28elite%29.png?e29cd
Elite Treasure Trails,Get 1 uniques from Elite Treasure Trails,Hard,https://oldschool.runescape.wiki/images/Clue_scroll_%28elite%29.png?e29cd
Elite Treasure Trails,Get 2 uniques from Elite Treasure Trails,Elite,https://oldschool.runescape.wiki/images/Clue_scroll_%28elite%29.png?e29cd
Elite Treasure Trails,Get 2 uniques from Elite Treasure Trails,Elite,https://oldschool.runescape.wiki/images/Clue_scroll_%28elite%29.png?e29cd
Elite Treasure Trails,Get 2 uniques from Elite Treasure Trails,Elite,https://oldschool.runescape.wiki/images/Clue_scroll_%28elite%29.png?e29cd
Elite Treasure Trails,Get 2 uniques from Elite Treasure Trails,Elite,https://oldschool.runescape.wiki/images/Clue_scroll_%28elite%29.png?e29cd
Elite Treasure Trails,Get 2 uniques from Elite Treasure Trails,Elite,https://oldschool.runescape.wiki/images/Clue_scroll_%28elite%29.png?e29cd
Elite Treasure Trails,Get 2 uniques from Elite Treasure Trails,Elite,https://oldschool.runescape.wiki/images/Clue_scroll_%28elite%29.png?e29cd
Elite Treasure Trails,Get 2 uniques from Elite Treasure Trails,Elite,https://oldschool.runescape.wiki/images/Clue_scroll_%28elite%29.png?e29cd
Elite Treasure Trails,Get 2 uniques from Elite Treasure Trails,Elite,https://oldschool.runescape.wiki/images/Clue_scroll_%28elite%29.png?e29cd
Elite Treasure Trails,Get 2 uniques from Elite Treasure Trails,Elite,https://oldschool.runescape.wiki/images/Clue_scroll_%28elite%29.png?e29cd
Elite Treasure Trails,Get 2 uniques from Elite Treasure Trails,Elite,https://oldschool.runescape.wiki/images/Clue_scroll_%28elite%29.png?e29cd
Elite Treasure Trails,Get 2 uniques from Elite Treasure Trails,Elite,https://oldschool.runescape.wiki/images/Clue_scroll_%28elite%29.png?e29cd
Elite Treasure Trails,Get 2 uniques from Elite Treasure Trails,Elite,https://oldschool.runescape.wiki/images/Clue_scroll_%28elite%29.png?e29cd
Elite Treasure Trails,Get 2 uniques from Elite Treasure Trails,Elite,https://oldschool.runescape.wiki/images/Clue_scroll_%28elite%29.png?e29cd
Elite Treasure Trails,Get 2 uniques from Elite Treasure Trails,Elite,https://oldschool.runescape.wiki/images/Clue_scroll_%28elite%29.png?e29cd
Elite Treasure Trails,Get 2 uniques from Elite Treasure Trails,Elite,https://oldschool.runescape.wiki/images/Clue_scroll_%28elite%29.png?e29cd
Elite Treasure Trails,Get 2 uniques from Elite Treasure Trails,Elite,https://oldschool.runescape.wiki/images/Clue_scroll_%28elite%29.png?e29cd
Elite Treasure Trails,Get 2 uniques from Elite Treasure Trails,Elite,https://oldschool.runescape.wiki/images/Clue_scroll_%28elite%29.png?e29cd
Elite Treasure Trails,Get 2 uniques from Elite Treasure Trails,Elite,https://oldschool.runescape.wiki/images/Clue_scroll_%28elite%29.png?e29cd
Elite Treasure Trails,Get 2 uniques from Elite Treasure Trails,Master,https://oldschool.runescape.wiki/images/Clue_scroll_%28elite%29.png?e29cd
Elite Treasure Trails,Get 2 uniques from Elite Treasure Trails,Master,https://oldschool.runescape.wiki/images/Clue_scroll_%28elite%29.png?e29cd
Elite Treasure Trails,Get 2 uniques from Elite Treasure Trails,Master,https://oldschool.runescape.wiki/images/Clue_scroll_%28elite%29.png?e29cd
Elite Treasure Trails,Get 2 uniques from Elite Treasure Trails,Master,https://oldschool.runescape.wiki/images/Clue_scroll_%28elite%29.png?e29cd
Elite Treasure Trails,Get 2 uniques from Elite Treasure Trails,Master,https://oldschool.runescape.wiki/images/Clue_scroll_%28elite%29.png?e29cd
Elite Treasure Trails,Get 2 uniques from Elite Treasure Trails,Master,https://oldschool.runescape.wiki/images/Clue_scroll_%28elite%29.png?e29cd
Elite Treasure Trails,Get 2 uniques from Elite Treasure Trails,Master,https://oldschool.runescape.wiki/images/Clue_scroll_%28elite%29.png?e29cd
Elite Treasure Trails,Get 2 uniques from Elite Treasure Trails,Master,https://oldschool.runescape.wiki/images/Clue_scroll_%28elite%29.png?e29cd
Elite Treasure Trails,Get 2 uniques from Elite Treasure Trails,Master,https://oldschool.runescape.wiki/images/Clue_scroll_%28elite%29.png?e29cd
Elite Treasure Trails,Get 2 uniques from Elite Treasure Trails,Master,https://oldschool.runescape.wiki/images/Clue_scroll_%28elite%29.png?e29cd
Master Treasure Trails,Get 1 unique from Master Treasure Trails,Elite,https://oldschool.runescape.wiki/images/Clue_scroll_%28master%29.png?09bb0
Master Treasure Trails,Get 1 unique from Master Treasure Trails,Elite,https://oldschool.runescape.wiki/images/Clue_scroll_%28master%29.png?09bb0
Master Treasure Trails,Get 1 unique from Master Treasure Trails,Elite,https://oldschool.runescape.wiki/images/Clue_scroll_%28master%29.png?09bb0
Master Treasure Trails,Get 1 unique from Master Treasure Trails,Elite,https://oldschool.runescape.wiki/images/Clue_scroll_%28master%29.png?09bb0
Master Treasure Trails,Get 1 unique from Master Treasure Trails,Elite,https://oldschool.runescape.wiki/images/Clue_scroll_%28master%29.png?09bb0
Master Treasure Trails,Get 1 unique from Master Treasure Trails,Elite,https://oldschool.runescape.wiki/images/Clue_scroll_%28master%29.png?09bb0
Master Treasure Trails,Get 1 unique from Master Treasure Trails,Master,https://oldschool.runescape.wiki/images/Clue_scroll_%28master%29.png?09bb0
Master Treasure Trails,Get 1 unique from Master Treasure Trails,Master,https://oldschool.runescape.wiki/images/Clue_scroll_%28master%29.png?09bb0
Master Treasure Trails,Get 1 unique from Master Treasure Trails,Master,https://oldschool.runescape.wiki/images/Clue_scroll_%28master%29.png?09bb0
Master Treasure Trails,Get 1 unique from Master Treasure Trails,Master,https://oldschool.runescape.wiki/images/Clue_scroll_%28master%29.png?09bb0
Master Treasure Trails,Get 1 unique from Master Treasure Trails,Master,https://oldschool.runescape.wiki/images/Clue_scroll_%28master%29.png?09bb0
Master Treasure Trails,Get 1 unique from Master Treasure Trails,Master,https://oldschool.runescape.wiki/images/Clue_scroll_%28master%29.png?09bb0
Master Treasure Trails,Get 1 unique from Master Treasure Trails,Master,https://oldschool.runescape.wiki/images/Clue_scroll_%28master%29.png?09bb0
Master Treasure Trails,Get 1 unique from Master Treasure Trails,Master,https://oldschool.runescape.wiki/images/Clue_scroll_%28master%29.png?09bb0
Master Treasure Trails,Get 1 unique from Master Treasure Trails,Master,https://oldschool.runescape.wiki/images/Clue_scroll_%28master%29.png?09bb0
Master Treasure Trails,Get 1 unique from Master Treasure Trails,Master,https://oldschool.runescape.wiki/images/Clue_scroll_%28master%29.png?09bb0
Master Treasure Trails,Get 1 unique from Master Treasure Trails,Master,https://oldschool.runescape.wiki/images/Clue_scroll_%28master%29.png?09bb0
Master Treasure Trails,Get 1 unique from Master Treasure Trails,Master,https://oldschool.runescape.wiki/images/Clue_scroll_%28master%29.png?09bb0
Master Treasure Trails,Get 1 unique from Master Treasure Trails,Master,https://oldschool.runescape.wiki/images/Clue_scroll_%28master%29.png?09bb0
Master Treasure Trails,Get 1 unique from Master Treasure Trails,Master,https://oldschool.runescape.wiki/images/Clue_scroll_%28master%29.png?09bb0
Master Treasure Trails,Get 1 unique from Master Treasure Trails,Master,https://oldschool.runescape.wiki/images/Clue_scroll_%28master%29.png?09bb0
Master Treasure Trails,Get 1 unique from Master Treasure Trails,Master,https://oldschool.runescape.wiki/images/Clue_scroll_%28master%29.png?09bb0
Master Treasure Trails,Get 1 unique from Master Treasure Trails,Master,https://oldschool.runescape.wiki/images/Clue_scroll_%28master%29.png?09bb0
Master Treasure Trails,Get 1 unique from Master Treasure Trails,Master,https://oldschool.runescape.wiki/images/Clue_scroll_%28master%29.png?09bb0
Master Treasure Trails,Get 1 unique from Master Treasure Trails,Master,https://oldschool.runescape.wiki/images/Clue_scroll_%28master%29.png?09bb0
Master Treasure Trails,Get 1 unique from Master Treasure Trails,Master,https://oldschool.runescape.wiki/images/Clue_scroll_%28master%29.png?09bb0
Master Treasure Trails,Get 1 unique from Master Treasure Trails,Master,https://oldschool.runescape.wiki/images/Clue_scroll_%28master%29.png?09bb0
Master Treasure Trails,Get 1 unique from Master Treasure Trails,Master,https://oldschool.runescape.wiki/images/Clue_scroll_%28master%29.png?09bb0
Master Treasure Trails,Get 1 unique from Master Treasure Trails,Master,https://oldschool.runescape.wiki/images/Clue_scroll_%28master%29.png?09bb0
Master Treasure Trails,Get 1 unique from Master Treasure Trails,Master,https://oldschool.runescape.wiki/images/Clue_scroll_%28master%29.png?09bb0
Master Treasure Trails,Get 1 unique from Master Treasure Trails,Master,https://oldschool.runescape.wiki/images/Clue_scroll_%28master%29.png?09bb0
Master Treasure Trails,Get 1 unique from Master Treasure Trails,Master,https://oldschool.runescape.wiki/images/Clue_scroll_%28master%29.png?09bb0
Master Treasure Trails,Get 1 unique from Master Treasure Trails,Master,https://oldschool.runescape.wiki/images/Clue_scroll_%28master%29.png?09bb0
Master Treasure Trails,Get 1 unique from Master Treasure Trails,Master,https://oldschool.runescape.wiki/images/Clue_scroll_%28master%29.png?09bb0
Master Treasure Trails,Get 1 unique from Master Treasure Trails,Master,https://oldschool.runescape.wiki/images/Clue_scroll_%28master%29.png?09bb0
Master Treasure Trails,Get 1 unique from Master Treasure Trails,Master,https://oldschool.runescape.wiki/images/Clue_scroll_%28master%29.png?09bb0
Master Treasure Trails,Get 1 unique from Master Treasure Trails,Master,https://oldschool.runescape.wiki/images/Clue_scroll_%28master%29.png?09bb0
Master Treasure Trails,Get 1 unique from Master Treasure Trails,Master,https://oldschool.runescape.wiki/images/Clue_scroll_%28master%29.png?09bb0
Master Treasure Trails,Get 1 unique from Master Treasure Trails,Master,https://oldschool.runescape.wiki/images/Clue_scroll_%28master%29.png?09bb0
Master Treasure Trails,Get 1 unique from Master Treasure Trails,Master,https://oldschool.runescape.wiki/images/Clue_scroll_%28master%29.png?09bb0
Master Treasure Trails,Get 1 unique from Master Treasure Trails,Master,https://oldschool.runescape.wiki/images/Clue_scroll_%28master%29.png?09bb0
Master Treasure Trails,Get 1 unique from Master Treasure Trails,Master,https://oldschool.runescape.wiki/images/Clue_scroll_%28master%29.png?09bb0
Master Treasure Trails,Get 1 unique from Master Treasure Trails,Master,https://oldschool.runescape.wiki/images/Clue_scroll_%28master%29.png?09bb0
Master Treasure Trails,Get 1 unique from Master Treasure Trails,Master,https://oldschool.runescape.wiki/images/Clue_scroll_%28master%29.png?09bb0
Master Treasure Trails,Get 1 unique from Master Treasure Trails,Master,https://oldschool.runescape.wiki/images/Clue_scroll_%28master%29.png?09bb0
Master Treasure Trails,Get 1 unique from Master Treasure Trails,Master,https://oldschool.runescape.wiki/images/Clue_scroll_%28master%29.png?09bb0
Master Treasure Trails,Get 1 unique from Master Treasure Trails,Master,https://oldschool.runescape.wiki/images/Clue_scroll_%28master%29.png?09bb0
Master Treasure Trails,Get 1 unique from Master Treasure Trails,Master,https://oldschool.runescape.wiki/images/Clue_scroll_%28master%29.png?09bb0
Master Treasure Trails,Get 1 unique from Master Treasure Trails,Master,https://oldschool.runescape.wiki/images/Clue_scroll_%28master%29.png?09bb0
Shared Treasure Trails,Get 3 shared uniques from any Treasure Trails,Passive,https://oldschool.runescape.wiki/images/Purple_sweets_10.png?e7a22
Shared Treasure Trails,Get 3 shared uniques from any Treasure Trails,Passive,https://oldschool.runescape.wiki/images/Purple_sweets_10.png?e7a22
Shared Treasure Trails,Get 3 shared uniques from any Treasure Trails,Passive,https://oldschool.runescape.wiki/images/Purple_sweets_10.png?e7a22
Shared Treasure Trails,Get 3 shared uniques from any Treasure Trails,Passive,https://oldschool.runescape.wiki/images/Purple_sweets_10.png?e7a22
Shared Treasure Trails,Get 3 shared uniques from any Treasure Trails,Passive,https://oldschool.runescape.wiki/images/Purple_sweets_10.png?e7a22
Shared Treasure Trails,Get 3 shared uniques from any Treasure Trails,Passive,https://oldschool.runescape.wiki/images/Purple_sweets_10.png?e7a22
Shared Treasure Trails,Get 3 shared uniques from any Treasure Trails,Passive,https://oldschool.runescape.wiki/images/Purple_sweets_10.png?e7a22
Shared Treasure Trails,Get 3 shared uniques from any Treasure Trails,Passive,https://oldschool.runescape.wiki/images/Purple_sweets_10.png?e7a22
Shared Treasure Trails,Get 3 shared uniques from any Treasure Trails,Passive,https://oldschool.runescape.wiki/images/Purple_sweets_10.png?e7a22
Shared Treasure Trails,Get 3 shared uniques from any Treasure Trails,Passive,https://oldschool.runescape.wiki/images/Purple_sweets_10.png?e7a22
Shared Treasure Trails,Get 3 shared uniques from any Treasure Trails,Passive,https://oldschool.runescape.wiki/images/Purple_sweets_10.png?e7a22
Shared Treasure Trails,Get 3 shared uniques from any Treasure Trails,Passive,https://oldschool.runescape.wiki/images/Purple_sweets_10.png?e7a22
Shared Treasure Trails,Get 3 shared uniques from any Treasure Trails,Passive,https://oldschool.runescape.wiki/images/Purple_sweets_10.png?e7a22
Shared Treasure Trails,Get 3 shared uniques from any Treasure Trails,Passive,https://oldschool.runescape.wiki/images/Purple_sweets_10.png?e7a22
Shared Treasure Trails,Get 3 shared uniques from any Treasure Trails,Passive,https://oldschool.runescape.wiki/images/Purple_sweets_10.png?e7a22
Shared Treasure Trails,Get 3 shared uniques from any Treasure Trails,Passive,https://oldschool.runescape.wiki/images/Purple_sweets_10.png?e7a22
Shared Treasure Trails,Get 1 shared unique from any Treasure Trails,Passive,https://oldschool.runescape.wiki/images/Purple_sweets_10.png?e7a22
Rare Treasure Trails,Get 1 rare unique from any Treasure Trails,Passive,https://oldschool.runescape.wiki/images/3rd_age_full_helmet.png?a4ed9
Rare Treasure Trails,Get 1 rare unique from any Treasure Trails,Passive,https://oldschool.runescape.wiki/images/3rd_age_full_helmet.png?a4ed9
Rare Treasure Trails,Get 1 rare unique from any Treasure Trails,Passive,https://oldschool.runescape.wiki/images/3rd_age_full_helmet.png?a4ed9
Rare Treasure Trails,Get 1 rare unique from any Treasure Trails,Passive,https://oldschool.runescape.wiki/images/3rd_age_full_helmet.png?a4ed9
Rare Treasure Trails,Get 1 rare unique from any Treasure Trails,Passive,https://oldschool.runescape.wiki/images/3rd_age_full_helmet.png?a4ed9
Rare Treasure Trails,Get 1 rare unique from any Treasure Trails,Passive,https://oldschool.runescape.wiki/images/3rd_age_full_helmet.png?a4ed9
Rare Treasure Trails,Get 1 rare unique from any Treasure Trails,Passive,https://oldschool.runescape.wiki/images/3rd_age_full_helmet.png?a4ed9
Rare Treasure Trails,Get 1 rare unique from any Treasure Trails,Passive,https://oldschool.runescape.wiki/images/3rd_age_full_helmet.png?a4ed9
Rare Treasure Trails,Get 1 rare unique from any Treasure Trails,Passive,https://oldschool.runescape.wiki/images/3rd_age_full_helmet.png?a4ed9
Rare Treasure Trails,Get 1 rare unique from any Treasure Trails,Passive,https://oldschool.runescape.wiki/images/3rd_age_full_helmet.png?a4ed9
Rare Treasure Trails,Get 1 rare unique from any Treasure Trails,Passive,https://oldschool.runescape.wiki/images/3rd_age_full_helmet.png?a4ed9
Rare Treasure Trails,Get 1 rare unique from any Treasure Trails,Passive,https://oldschool.runescape.wiki/images/3rd_age_full_helmet.png?a4ed9
Rare Treasure Trails,Get 1 rare unique from any Treasure Trails,Passive,https://oldschool.runescape.wiki/images/3rd_age_full_helmet.png?a4ed9
Rare Treasure Trails,Get 1 rare unique from any Treasure Trails,Passive,https://oldschool.runescape.wiki/images/3rd_age_full_helmet.png?a4ed9
Rare Treasure Trails,Get 1 rare unique from any Treasure Trails,Passive,https://oldschool.runescape.wiki/images/3rd_age_full_helmet.png?a4ed9
Rare Treasure Trails,Get 1 rare unique from any Treasure Trails,Passive,https://oldschool.runescape.wiki/images/3rd_age_full_helmet.png?a4ed9
Rare Treasure Trails,Get 1 rare unique from any Treasure Trails,Passive,https://oldschool.runescape.wiki/images/3rd_age_full_helmet.png?a4ed9
Rare Treasure Trails,Get 1 rare unique from any Treasure Trails,Passive,https://oldschool.runescape.wiki/images/3rd_age_full_helmet.png?a4ed9
Rare Treasure Trails,Get 1 rare unique from any Treasure Trails,Passive,https://oldschool.runescape.wiki/images/3rd_age_full_helmet.png?a4ed9
Rare Treasure Trails,Get 1 rare unique from any Treasure Trails,Passive,https://oldschool.runescape.wiki/images/3rd_age_full_helmet.png?a4ed9
Rare Treasure Trails,Get 1 rare unique from any Treasure Trails,Passive,https://oldschool.runescape.wiki/images/3rd_age_full_helmet.png?a4ed9
Rare Treasure Trails,Get 1 rare unique from any Treasure Trails,Passive,https://oldschool.runescape.wiki/images/3rd_age_full_helmet.png?a4ed9
Rare Treasure Trails,Get 1 rare unique from any Treasure Trails,Passive,https://oldschool.runescape.wiki/images/3rd_age_full_helmet.png?a4ed9
Rare Treasure Trails,Get 1 rare unique from any Treasure Trails,Passive,https://oldschool.runescape.wiki/images/3rd_age_full_helmet.png?a4ed9
Rare Treasure Trails,Get 1 rare unique from any Treasure Trails,Passive,https://oldschool.runescape.wiki/images/3rd_age_full_helmet.png?a4ed9
Rare Treasure Trails,Get 1 rare unique from any Treasure Trails,Passive,https://oldschool.runescape.wiki/images/3rd_age_full_helmet.png?a4ed9
Rare Treasure Trails,Get 1 rare unique from any Treasure Trails,Passive,https://oldschool.runescape.wiki/images/3rd_age_full_helmet.png?a4ed9
Rare Treasure Trails,Get 1 rare unique from any Treasure Trails,Passive,https://oldschool.runescape.wiki/images/3rd_age_full_helmet.png?a4ed9
Rare Treasure Trails,Get 1 rare unique from any Treasure Trails,Passive,https://oldschool.runescape.wiki/images/3rd_age_full_helmet.png?a4ed9
Rare Treasure Trails,Get 1 rare unique from any Treasure Trails,Passive,https://oldschool.runescape.wiki/images/3rd_age_full_helmet.png?a4ed9
Rare Treasure Trails,Get 1 rare unique from any Treasure Trails,Passive,https://oldschool.runescape.wiki/images/3rd_age_full_helmet.png?a4ed9
Rare Treasure Trails,Get 1 rare unique from any Treasure Trails,Passive,https://oldschool.runescape.wiki/images/3rd_age_full_helmet.png?a4ed9
Rare Treasure Trails,Get 1 rare unique from any Treasure Trails,Passive,https://oldschool.runescape.wiki/images/3rd_age_full_helmet.png?a4ed9
Rare Treasure Trails,Get 1 rare unique from any Treasure Trails,Passive,https://oldschool.runescape.wiki/images/3rd_age_full_helmet.png?a4ed9
Rare Treasure Trails,Get 1 rare unique from any Treasure Trails,Passive,https://oldschool.runescape.wiki/images/3rd_age_full_helmet.png?a4ed9
Rare Treasure Trails,Get 1 rare unique from any Treasure Trails,Passive,https://oldschool.runescape.wiki/images/3rd_age_full_helmet.png?a4ed9
Rare Treasure Trails,Get 1 rare unique from any Treasure Trails,Passive,https://oldschool.runescape.wiki/images/3rd_age_full_helmet.png?a4ed9
Rare Treasure Trails,Get 1 rare unique from any Treasure Trails,Passive,https://oldschool.runescape.wiki/images/3rd_age_full_helmet.png?a4ed9
Rare Treasure Trails,Get 1 rare unique from any Treasure Trails,Passive,https://oldschool.runescape.wiki/images/3rd_age_full_helmet.png?a4ed9
Rare Treasure Trails,Get 1 rare unique from any Treasure Trails,Passive,https://oldschool.runescape.wiki/images/3rd_age_full_helmet.png?a4ed9
Rare Treasure Trails,Get 1 rare unique from any Treasure Trails,Passive,https://oldschool.runescape.wiki/images/3rd_age_full_helmet.png?a4ed9
Rare Treasure Trails,Get 1 rare unique from any Treasure Trails,Passive,https://oldschool.runescape.wiki/images/3rd_age_full_helmet.png?a4ed9
Rare Treasure Trails,Get 1 rare unique from any Treasure Trails,Passive,https://oldschool.runescape.wiki/images/3rd_age_full_helmet.png?a4ed9
Rare Treasure Trails,Get 1 rare unique from any Treasure Trails,Passive,https://oldschool.runescape.wiki/images/3rd_age_full_helmet.png?a4ed9
Rare Treasure Trails,Get 1 rare unique from any Treasure Trails,Passive,https://oldschool.runescape.wiki/images/3rd_age_full_helmet.png?a4ed9
Rare Treasure Trails,Get 1 rare unique from any Treasure Trails,Passive,https://oldschool.runescape.wiki/images/3rd_age_full_helmet.png?a4ed9
Rare Treasure Trails,Get 1 rare unique from any Treasure Trails,Passive,https://oldschool.runescape.wiki/images/3rd_age_full_helmet.png?a4ed9
Mimic Scroll Case,Obtain the Mimic Scroll Case,Passive,https://oldschool.runescape.wiki/images/Mimic_scroll_case.png?fbe5f
Barbarian Assault,Get 1 unique from Barbarian Assault ,Medium,https://oldschool.runescape.wiki/images/Fighter_torso.png?97fe8
Barbarian Assault,Get 1 unique from Barbarian Assault ,Medium,https://oldschool.runescape.wiki/images/Fighter_torso.png?97fe8
Barbarian Assault,Get 1 unique from Barbarian Assault ,Medium,https://oldschool.runescape.wiki/images/Fighter_torso.png?97fe8
Barbarian Assault,Get 1 unique from Barbarian Assault ,Hard,https://oldschool.runescape.wiki/images/Fighter_torso.png?97fe8
Barbarian Assault,Get 1 unique from Barbarian Assault ,Hard,https://oldschool.runescape.wiki/images/Fighter_torso.png?97fe8
Barbarian Assault,Get 1 unique from Barbarian Assault ,Hard,https://oldschool.runescape.wiki/images/Fighter_torso.png?97fe8
Barbarian Assault,Get 1 unique from Barbarian Assault ,Hard,https://oldschool.runescape.wiki/images/Fighter_torso.png?97fe8
Barbarian Assault,Get 1 unique from Barbarian Assault ,Elite,https://oldschool.runescape.wiki/images/Fighter_torso.png?97fe8
Barbarian Assault,Get 1 unique from Barbarian Assault ,Elite,https://oldschool.runescape.wiki/images/Fighter_torso.png?97fe8
Barbarian Assault,Get 1 unique from Barbarian Assault ,Elite,https://oldschool.runescape.wiki/images/Fighter_torso.png?97fe8
Barbarian Assault,Get 1 unique from Barbarian Assault ,Master,https://oldschool.runescape.wiki/images/Fighter_torso.png?97fe8
Brimhaven Agility Arena,Gain 2 uniques from the Brimhaven Agility Arena,Easy,https://oldschool.runescape.wiki/images/Agility_arena_ticket.png?65d4f
Brimhaven Agility Arena,Gain 1 uniques from the Brimhaven Agility Arena,Elite,https://oldschool.runescape.wiki/images/Pirate%27s_hook.png?f976b
Brimhaven Agility Arena,Gain 6 uniques from the Brimhaven Agility Arena,Hard,https://oldschool.runescape.wiki/images/Graceful_top_%28Agility_Arena%29.png?19135
Castle Wars,Gain 4 uniques from Castle Wars,Medium,https://oldschool.runescape.wiki/images/Decorative_helm_%28red%29.png?1a603
Castle Wars,Gain 4 uniques from Castle Wars,Medium,https://oldschool.runescape.wiki/images/Decorative_helm_%28red%29.png?1a603
Castle Wars,Gain 2 uniques from Castle Wars,Hard,https://oldschool.runescape.wiki/images/Decorative_helm_%28red%29.png?1a603
Castle Wars,Gain 2 uniques from Castle Wars,Hard,https://oldschool.runescape.wiki/images/Decorative_helm_%28red%29.png?1a603
Castle Wars,Gain 2 uniques from Castle Wars,Hard,https://oldschool.runescape.wiki/images/Decorative_helm_%28red%29.png?1a603
Castle Wars,Gain 2 uniques from Castle Wars,Hard,https://oldschool.runescape.wiki/images/Decorative_helm_%28red%29.png?1a603
Castle Wars,Gain 2 uniques from Castle Wars,Hard,https://oldschool.runescape.wiki/images/Decorative_helm_%28red%29.png?1a603
Castle Wars,Gain 2 uniques from Castle Wars,Hard,https://oldschool.runescape.wiki/images/Decorative_helm_%28red%29.png?1a603
Castle Wars,Gain 2 uniques from Castle Wars,Hard,https://oldschool.runescape.wiki/images/Decorative_helm_%28red%29.png?1a603
Castle Wars,Gain 2 uniques from Castle Wars,Hard,https://oldschool.runescape.wiki/images/Decorative_helm_%28red%29.png?1a603
Castle Wars,Gain 2 uniques from Castle Wars,Hard,https://oldschool.runescape.wiki/images/Decorative_helm_%28red%29.png?1a603
Castle Wars,Gain 2 uniques from Castle Wars,Elite,https://oldschool.runescape.wiki/images/Decorative_helm_%28red%29.png?1a603
Castle Wars,Gain 2 uniques from Castle Wars,Elite,https://oldschool.runescape.wiki/images/Decorative_helm_%28red%29.png?1a603
Castle Wars,Gain 2 uniques from Castle Wars,Elite,https://oldschool.runescape.wiki/images/Decorative_helm_%28red%29.png?1a603
Castle Wars,Gain 2 uniques from Castle Wars,Elite,https://oldschool.runescape.wiki/images/Decorative_helm_%28red%29.png?1a603
Castle Wars,Gain 2 uniques from Castle Wars,Elite,https://oldschool.runescape.wiki/images/Decorative_helm_%28red%29.png?1a603
Castle Wars,Gain 2 uniques from Castle Wars,Elite,https://oldschool.runescape.wiki/images/Decorative_helm_%28red%29.png?1a603
Castle Wars,Gain 1 unique from Castle Wars,Master,https://oldschool.runescape.wiki/images/Decorative_helm_%28red%29.png?1a603
Angler Outfit,Obtain 1 piece of the Angler Outfit,Beginner,https://oldschool.runescape.wiki/images/Angler_hat.png?0b6b6
Fishing Trawler,Obtain 1 piece of the Angler Outfit,Beginner,https://oldschool.runescape.wiki/images/Angler_hat.png?0b6b6
Fishing Trawler,Obtain 1 piece of the Angler Outfit,Easy,https://oldschool.runescape.wiki/images/Angler_hat.png?0b6b6
Fishing Trawler,Obtain 1 piece of the Angler Outfit,Easy,https://oldschool.runescape.wiki/images/Angler_hat.png?0b6b6
Giants' Foundry,Gain 2 uniques from the Giants' Foundry,Easy,https://oldschool.runescape.wiki/images/Ore_pack_%28Giants%27_Foundry%29.png?b30d1
Giants' Foundry,Gain 2 uniques from the Giants' Foundry,Easy,https://oldschool.runescape.wiki/images/Ore_pack_%28Giants%27_Foundry%29.png?b30d1
Giants' Foundry,Gain 2 uniques from the Giants' Foundry,Easy,https://oldschool.runescape.wiki/images/Ore_pack_%28Giants%27_Foundry%29.png?b30d1
Giants' Foundry,Gain 1 unique from the Giants' Foundry,Medium,https://oldschool.runescape.wiki/images/Ore_pack_%28Giants%27_Foundry%29.png?b30d1
Giants' Foundry,Gain 1 unique from the Giants' Foundry,Medium,https://oldschool.runescape.wiki/images/Ore_pack_%28Giants%27_Foundry%29.png?b30d1
Giants' Foundry,Gain 1 unique from the Giants' Foundry,Medium,https://oldschool.runescape.wiki/images/Ore_pack_%28Giants%27_Foundry%29.png?b30d1
Gnome Restaurant,Gain 1 unique from the Gnome Restaurant,Easy,https://oldschool.runescape.wiki/images/Mint_cake.png?ccf02
Gnome Restaurant,Gain 1 unique from the Gnome Restaurant,Easy,https://oldschool.runescape.wiki/images/Mint_cake.png?ccf02
Gnome Restaurant,Gain 1 unique from the Gnome Restaurant,Easy,https://oldschool.runescape.wiki/images/Mint_cake.png?ccf02
Gnome Restaurant,Gain 1 unique from the Gnome Restaurant,Easy,https://oldschool.runescape.wiki/images/Mint_cake.png?ccf02
Guardians of the Rift,Gain 1 unique from Guardians of the Rift,Medium,https://oldschool.runescape.wiki/images/Lost_bag.png?44078
Guardians of the Rift,Gain 1 unique from Guardians of the Rift,Medium,https://oldschool.runescape.wiki/images/Lost_bag.png?44078
Guardians of the Rift,Gain 1 unique from Guardians of the Rift,Medium,https://oldschool.runescape.wiki/images/Lost_bag.png?44078
Guardians of the Rift,Gain 1 unique from Guardians of the Rift,Medium,https://oldschool.runescape.wiki/images/Lost_bag.png?44078
Guardians of the Rift,Gain 1 unique from Guardians of the Rift,Medium,https://oldschool.runescape.wiki/images/Lost_bag.png?44078
Guardians of the Rift,Gain 1 unique from Guardians of the Rift,Medium,https://oldschool.runescape.wiki/images/Lost_bag.png?44078
Guardians of the Rift,Gain 1 unique from Guardians of the Rift,Medium,https://oldschool.runescape.wiki/images/Lost_bag.png?44078
Guardians of the Rift,Gain 1 unique from Guardians of the Rift,Hard,https://oldschool.runescape.wiki/images/Lost_bag.png?44078
Guardians of the Rift,Gain 1 unique from Guardians of the Rift,Hard,https://oldschool.runescape.wiki/images/Lost_bag.png?44078
Guardians of the Rift,Gain 1 unique from Guardians of the Rift,Hard,https://oldschool.runescape.wiki/images/Lost_bag.png?44078
Guardians of the Rift,Gain 1 unique from Guardians of the Rift,Hard,https://oldschool.runescape.wiki/images/Lost_bag.png?44078
Guardians of the Rift,Gain 1 unique from Guardians of the Rift,Hard,https://oldschool.runescape.wiki/images/Lost_bag.png?44078
Guardians of the Rift,Gain 1 unique from Guardians of the Rift,Elite,https://oldschool.runescape.wiki/images/Lost_bag.png?44078
Guardians of the Rift,Gain 1 unique from Guardians of the Rift,Elite,https://oldschool.runescape.wiki/images/Lost_bag.png?44078
Guardians of the Rift,Gain 1 unique from Guardians of the Rift,Elite,https://oldschool.runescape.wiki/images/Lost_bag.png?44078
Guardians of the Rift,Gain 1 unique from Guardians of the Rift,Elite,https://oldschool.runescape.wiki/images/Lost_bag.png?44078
Guardians of the Rift,Gain 1 unique from Guardians of the Rift,Master,https://oldschool.runescape.wiki/images/Lost_bag.png?44078
Hallowed Sepulchre,Gain 1 unique from the Hallowed Sepulchre,Elite,https://oldschool.runescape.wiki/images/Hallowed_symbol.png?20d11
Hallowed Sepulchre,Gain 1 unique from the Hallowed Sepulchre,Elite,https://oldschool.runescape.wiki/images/Hallowed_symbol.png?20d11
Hallowed Sepulchre,Gain 1 unique from the Hallowed Sepulchre,Elite,https://oldschool.runescape.wiki/images/Hallowed_symbol.png?20d11
Hallowed Sepulchre,Gain 1 unique from the Hallowed Sepulchre,Elite,https://oldschool.runescape.wiki/images/Hallowed_symbol.png?20d11
Hallowed Sepulchre,Gain 1 unique from the Hallowed Sepulchre,Elite,https://oldschool.runescape.wiki/images/Hallowed_symbol.png?20d11
Hallowed Sepulchre,Gain 1 unique from the Hallowed Sepulchre,Elite,https://oldschool.runescape.wiki/images/Hallowed_symbol.png?20d11
Hallowed Sepulchre,Gain 1 unique from the Hallowed Sepulchre,Elite,https://oldschool.runescape.wiki/images/Hallowed_symbol.png?20d11
Hallowed Sepulchre,Gain 1 unique from the Hallowed Sepulchre,Elite,https://oldschool.runescape.wiki/images/Hallowed_symbol.png?20d11
Hallowed Sepulchre,Gain 1 unique from the Hallowed Sepulchre,Elite,https://oldschool.runescape.wiki/images/Hallowed_symbol.png?20d11
Hallowed Sepulchre,Gain 1 unique from the Hallowed Sepulchre,Elite,https://oldschool.runescape.wiki/images/Hallowed_symbol.png?20d11
Hallowed Sepulchre,Gain 1 unique from the Hallowed Sepulchre,Elite,https://oldschool.runescape.wiki/images/Hallowed_symbol.png?20d11
Hallowed Sepulchre,Gain 1 unique from the Hallowed Sepulchre,Elite,https://oldschool.runescape.wiki/images/Hallowed_symbol.png?20d11
Hallowed Sepulchre,Gain 1 unique from the Hallowed Sepulchre,Master,https://oldschool.runescape.wiki/images/Hallowed_symbol.png?20d11
Hallowed Sepulchre,Gain 1 unique from the Hallowed Sepulchre,Master,https://oldschool.runescape.wiki/images/Hallowed_symbol.png?20d11
Hallowed Sepulchre,Gain 1 unique from the Hallowed Sepulchre,Master,https://oldschool.runescape.wiki/images/Hallowed_symbol.png?20d11
Hallowed Sepulchre,Gain 1 unique from the Hallowed Sepulchre,Master,https://oldschool.runescape.wiki/images/Hallowed_symbol.png?20d11
Last Man Standing,Gain 1 unique from Last Man Standing,Easy,https://oldschool.runescape.wiki/images/Victor%27s_cape_%281%29.png?4afbb
Last Man Standing,Gain 1 unique from Last Man Standing,Easy,https://oldschool.runescape.wiki/images/Victor%27s_cape_%281%29.png?4afbb
Last Man Standing,Gain 1 unique from Last Man Standing,Medium,https://oldschool.runescape.wiki/images/Victor%27s_cape_%281%29.png?4afbb
Last Man Standing,Gain 1 unique from Last Man Standing,Medium,https://oldschool.runescape.wiki/images/Victor%27s_cape_%281%29.png?4afbb
Last Man Standing,Gain 1 unique from Last Man Standing,Medium,https://oldschool.runescape.wiki/images/Victor%27s_cape_%281%29.png?4afbb
Last Man Standing,Gain 1 unique from Last Man Standing,Medium,https://oldschool.runescape.wiki/images/Victor%27s_cape_%281%29.png?4afbb
Last Man Standing,Gain 1 unique from Last Man Standing,Medium,https://oldschool.runescape.wiki/images/Victor%27s_cape_%281%29.png?4afbb
Last Man Standing,Gain 1 unique from Last Man Standing,Medium,https://oldschool.runescape.wiki/images/Victor%27s_cape_%281%29.png?4afbb
Last Man Standing,Gain 1 unique from Last Man Standing,Medium,https://oldschool.runescape.wiki/images/Victor%27s_cape_%281%29.png?4afbb
Last Man Standing,Gain 1 unique from Last Man Standing,Medium,https://oldschool.runescape.wiki/images/Victor%27s_cape_%281%29.png?4afbb
Last Man Standing,Gain 1 unique from Last Man Standing,Hard,https://oldschool.runescape.wiki/images/Victor%27s_cape_%281%29.png?4afbb
Last Man Standing,Gain 1 unique from Last Man Standing,Hard,https://oldschool.runescape.wiki/images/Victor%27s_cape_%281%29.png?4afbb
Last Man Standing,Gain 1 unique from Last Man Standing,Hard,https://oldschool.runescape.wiki/images/Victor%27s_cape_%281%29.png?4afbb
Last Man Standing,Gain 1 unique from Last Man Standing,Hard,https://oldschool.runescape.wiki/images/Victor%27s_cape_%281%29.png?4afbb
Last Man Standing,Gain 1 unique from Last Man Standing,Elite,https://oldschool.runescape.wiki/images/Victor%27s_cape_%281%29.png?4afbb
Last Man Standing,Gain 1 unique from Last Man Standing,Elite,https://oldschool.runescape.wiki/images/Victor%27s_cape_%281%29.png?4afbb
Last Man Standing,Gain 1 unique from Last Man Standing,Elite,https://oldschool.runescape.wiki/images/Victor%27s_cape_%281%29.png?4afbb
Last Man Standing,Gain 1 unique from Last Man Standing,Elite,https://oldschool.runescape.wiki/images/Victor%27s_cape_%281%29.png?4afbb
Last Man Standing,Gain 1 unique from Last Man Standing,Elite,https://oldschool.runescape.wiki/images/Victor%27s_cape_%281%29.png?4afbb
Last Man Standing,Gain 1 unique from Last Man Standing,Elite,https://oldschool.runescape.wiki/images/Victor%27s_cape_%281%29.png?4afbb
Last Man Standing,Gain 1 unique from Last Man Standing,Elite,https://oldschool.runescape.wiki/images/Victor%27s_cape_%281%29.png?4afbb
Last Man Standing,Gain 1 unique from Last Man Standing,Elite,https://oldschool.runescape.wiki/images/Victor%27s_cape_%281%29.png?4afbb
Last Man Standing,Gain 1 unique from Last Man Standing,Elite,https://oldschool.runescape.wiki/images/Victor%27s_cape_%281%29.png?4afbb
Last Man Standing,Gain 1 unique from Last Man Standing,Master,https://oldschool.runescape.wiki/images/Victor%27s_cape_%281%29.png?4afbb
Last Man Standing,Gain 1 unique from Last Man Standing,Master,https://oldschool.runescape.wiki/images/Victor%27s_cape_%281%29.png?4afbb
Last Man Standing,Gain 1 unique from Last Man Standing,Master,https://oldschool.runescape.wiki/images/Victor%27s_cape_%281%29.png?4afbb
Last Man Standing,Gain 1 unique from Last Man Standing,Master,https://oldschool.runescape.wiki/images/Victor%27s_cape_%281%29.png?4afbb
Last Man Standing,Gain 1 unique from Last Man Standing,Master,https://oldschool.runescape.wiki/images/Victor%27s_cape_%281%29.png?4afbb
Last Man Standing,Gain 1 unique from Last Man Standing,Master,https://oldschool.runescape.wiki/images/Victor%27s_cape_%281%29.png?4afbb
Last Man Standing,Gain 1 unique from Last Man Standing,Master,https://oldschool.runescape.wiki/images/Victor%27s_cape_%281%29.png?4afbb
Last Man Standing,Gain 1 unique from Last Man Standing,Master,https://oldschool.runescape.wiki/images/Victor%27s_cape_%281%29.png?4afbb
Last Man Standing,Gain 1 unique from Last Man Standing,Master,https://oldschool.runescape.wiki/images/Victor%27s_cape_%281%29.png?4afbb
Mahogany Homes,Gain 1 unique from Mahogany Homes,Easy,https://oldschool.runescape.wiki/images/Plank_sack.png?b225e
Mahogany Homes,Gain 1 unique from Mahogany Homes,Medium,https://oldschool.runescape.wiki/images/Plank_sack.png?b225e
Mahogany Homes,Gain 1 unique from Mahogany Homes,Medium,https://oldschool.runescape.wiki/images/Plank_sack.png?b225e
Mahogany Homes,Gain 1 unique from Mahogany Homes,Hard,https://oldschool.runescape.wiki/images/Plank_sack.png?b225e
Mahogany Homes,Gain 1 unique from Mahogany Homes,Hard,https://oldschool.runescape.wiki/images/Plank_sack.png?b225e
Mahogany Homes,Gain 1 unique from Mahogany Homes,Hard,https://oldschool.runescape.wiki/images/Plank_sack.png?b225e
Mahogany Homes,Gain 1 unique from Mahogany Homes,Hard,https://oldschool.runescape.wiki/images/Plank_sack.png?b225e
Mahogany Homes,Gain 1 unique from Mahogany Homes,Hard,https://oldschool.runescape.wiki/images/Plank_sack.png?b225e
Mastering Mixology,Gain 1 unique from Mastering Mixology,Medium,https://oldschool.runescape.wiki/images/Prescription_goggles_%28unfocused%29.png?bb51b
Mastering Mixology,Gain 1 unique from Mastering Mixology,Medium,https://oldschool.runescape.wiki/images/Prescription_goggles_%28unfocused%29.png?bb51b
Mastering Mixology,Gain 1 unique from Mastering Mixology,Medium,https://oldschool.runescape.wiki/images/Prescription_goggles_%28unfocused%29.png?bb51b
Mastering Mixology,Gain 1 unique from Mastering Mixology,Hard,https://oldschool.runescape.wiki/images/Prescription_goggles_%28unfocused%29.png?bb51b
Mastering Mixology,Gain 1 unique from Mastering Mixology,Hard,https://oldschool.runescape.wiki/images/Prescription_goggles_%28unfocused%29.png?bb51b
Mastering Mixology,Gain 1 unique from Mastering Mixology,Hard,https://oldschool.runescape.wiki/images/Prescription_goggles_%28unfocused%29.png?bb51b
Mastering Mixology,Gain 1 unique from Mastering Mixology,Hard,https://oldschool.runescape.wiki/images/Prescription_goggles_%28unfocused%29.png?bb51b
Pest Control,Gain 1 unique from Pest Control,Easy,https://oldschool.runescape.wiki/images/Void_seal.png?b7686
Pest Control,Gain 1 unique from Pest Control,Medium,https://oldschool.runescape.wiki/images/Void_seal.png?b7686
Pest Control,Gain 1 unique from Pest Control,Medium,https://oldschool.runescape.wiki/images/Void_seal.png?b7686
Pest Control,Gain 1 unique from Pest Control,Medium,https://oldschool.runescape.wiki/images/Void_seal.png?b7686
Pest Control,Gain 1 unique from Pest Control,Medium,https://oldschool.runescape.wiki/images/Void_seal.png?b7686
Pest Control,Gain 1 unique from Pest Control,Medium,https://oldschool.runescape.wiki/images/Void_seal.png?b7686
Pest Control,Gain 1 unique from Pest Control,Medium,https://oldschool.runescape.wiki/images/Void_seal.png?b7686
Pest Control,Gain 1 unique from Pest Control,Medium,https://oldschool.runescape.wiki/images/Void_seal.png?b7686
Pest Control,Gain 1 unique from Pest Control,Elite,https://oldschool.runescape.wiki/images/Void_seal.png?b7686
Pest Control,Gain 1 unique from Pest Control,Elite,https://oldschool.runescape.wiki/images/Void_seal.png?b7686
Rogues' Den,Gain 1 unique from Rogue's Den,Easy,https://oldschool.runescape.wiki/images/Rogue_mask.png?43f24
Rogues' Den,Gain 1 unique from Rogue's Den,Easy,https://oldschool.runescape.wiki/images/Rogue_mask.png?43f24
Rogues' Den,Gain 1 unique from Rogue's Den,Easy,https://oldschool.runescape.wiki/images/Rogue_mask.png?43f24
Rogues' Den,Gain 1 unique from Rogue's Den,Medium,https://oldschool.runescape.wiki/images/Rogue_mask.png?43f24
Rogues' Den,Gain 1 unique from Rogue's Den,Medium,https://oldschool.runescape.wiki/images/Rogue_mask.png?43f24
Shades of Mort'ton,Gain 1 unique from Shades of Mort'ton,Medium,https://oldschool.runescape.wiki/images/Gold_locks.png?fc2ef
Shades of Mort'ton,Gain 1 unique from Shades of Mort'ton,Medium,https://oldschool.runescape.wiki/images/Gold_locks.png?fc2ef
Shades of Mort'ton,Gain 1 unique from Shades of Mort'ton,Medium,https://oldschool.runescape.wiki/images/Gold_locks.png?fc2ef
Shades of Mort'ton,Gain 1 unique from Shades of Mort'ton,Medium,https://oldschool.runescape.wiki/images/Gold_locks.png?fc2ef
Shades of Mort'ton,Gain 1 unique from Shades of Mort'ton,Hard,https://oldschool.runescape.wiki/images/Gold_locks.png?fc2ef
Shades of Mort'ton,Gain 1 unique from Shades of Mort'ton,Hard,https://oldschool.runescape.wiki/images/Gold_locks.png?fc2ef
Shades of Mort'ton,Gain 1 unique from Shades of Mort'ton,Hard,https://oldschool.runescape.wiki/images/Gold_locks.png?fc2ef
Shades of Mort'ton,Gain 1 unique from Shades of Mort'ton,Hard,https://oldschool.runescape.wiki/images/Gold_locks.png?fc2ef
Shades of Mort'ton,Gain 1 unique from Shades of Mort'ton,Hard,https://oldschool.runescape.wiki/images/Gold_locks.png?fc2ef
Shades of Mort'ton,Gain 1 unique from Shades of Mort'ton,Hard,https://oldschool.runescape.wiki/images/Gold_locks.png?fc2ef
Shades of Mort'ton,Gain 1 unique from Shades of Mort'ton,Hard,https://oldschool.runescape.wiki/images/Gold_locks.png?fc2ef
Shades of Mort'ton,Gain 1 unique from Shades of Mort'ton,Hard,https://oldschool.runescape.wiki/images/Gold_locks.png?fc2ef
Shades of Mort'ton,Gain 1 unique from Shades of Mort'ton,Hard,https://oldschool.runescape.wiki/images/Gold_locks.png?fc2ef
Shades of Mort'ton,Gain 1 unique from Shades of Mort'ton,Hard,https://oldschool.runescape.wiki/images/Gold_locks.png?fc2ef
Soul Wars,Gain 1 unique from Soul Wars,Medium,https://oldschool.runescape.wiki/images/Ectoplasmator.png?0a875
Soul Wars,Gain 1 unique from Soul Wars,Elite,https://oldschool.runescape.wiki/images/Ectoplasmator.png?0a875
Soul Wars,Gain 1 unique from Soul Wars,Master,https://oldschool.runescape.wiki/images/Ectoplasmator.png?0a875
Lumberjack,Obtain the full Lumberjack outfit,Medium,https://oldschool.runescape.wiki/images/Lumberjack_top.png?8bd5a
Tithe Farm,Gain 1 unique from Tithe Farm,Medium,https://oldschool.runescape.wiki/images/Gricoller%27s_can.png?c3bde
Tithe Farm,Gain 1 unique from Tithe Farm,Medium,https://oldschool.runescape.wiki/images/Gricoller%27s_can.png?c3bde
Tithe Farm,Gain 1 unique from Tithe Farm,Medium,https://oldschool.runescape.wiki/images/Gricoller%27s_can.png?c3bde
Tithe Farm,Gain 1 unique from Tithe Farm,Hard,https://oldschool.runescape.wiki/images/Gricoller%27s_can.png?c3bde
Tithe Farm,Gain 1 unique from Tithe Farm,Hard,https://oldschool.runescape.wiki/images/Gricoller%27s_can.png?c3bde
Tithe Farm,Gain 1 unique from Tithe Farm,Hard,https://oldschool.runescape.wiki/images/Gricoller%27s_can.png?c3bde
Tithe Farm,Gain 1 unique from Tithe Farm,Hard,https://oldschool.runescape.wiki/images/Gricoller%27s_can.png?c3bde
Trouble Brewing,Gain 3 uniques from Trouble Brewing,Medium,https://oldschool.runescape.wiki/images/Rum_%28red%29.png?e2ec4
Trouble Brewing,Gain 3 uniques from Trouble Brewing,Medium,https://oldschool.runescape.wiki/images/Rum_%28red%29.png?e2ec4
Trouble Brewing,Gain 3 uniques from Trouble Brewing,Medium,https://oldschool.runescape.wiki/images/Rum_%28red%29.png?e2ec4
Trouble Brewing,Gain 3 uniques from Trouble Brewing,Medium,https://oldschool.runescape.wiki/images/Rum_%28red%29.png?e2ec4
Trouble Brewing,Gain 3 uniques from Trouble Brewing,Medium,https://oldschool.runescape.wiki/images/Rum_%28red%29.png?e2ec4
Trouble Brewing,Gain 3 uniques from Trouble Brewing,Medium,https://oldschool.runescape.wiki/images/Rum_%28red%29.png?e2ec4
Trouble Brewing,Gain 3 uniques from Trouble Brewing,Hard,https://oldschool.runescape.wiki/images/Rum_%28red%29.png?e2ec4
Trouble Brewing,Gain 3 uniques from Trouble Brewing,Hard,https://oldschool.runescape.wiki/images/Rum_%28red%29.png?e2ec4
Trouble Brewing,Gain 3 uniques from Trouble Brewing,Hard,https://oldschool.runescape.wiki/images/Rum_%28red%29.png?e2ec4
Trouble Brewing,Gain 3 uniques from Trouble Brewing,Hard,https://oldschool.runescape.wiki/images/Rum_%28red%29.png?e2ec4
Vale Totems,Gain 1 unique from Vale Totems,Easy,https://oldschool.runescape.wiki/images/Fletching_knife.png?bf437
Vale Totems,Gain 1 unique from Vale Totems,Medium,https://oldschool.runescape.wiki/images/Fletching_knife.png?bf437
Vale Totems,Gain 1 unique from Vale Totems,Medium,https://oldschool.runescape.wiki/images/Fletching_knife.png?bf437
Vale Totems,Gain 1 unique from Vale Totems,Medium,https://oldschool.runescape.wiki/images/Fletching_knife.png?bf437
Volcanic Mine,Gain 1 unique from the Volcanic Mine (Not Prospector),Hard,https://oldschool.runescape.wiki/images/Heat-proof_vessel.png?e75c0
Volcanic Mine,Gain 1 unique from the Volcanic Mine (Not Prospector),Hard,https://oldschool.runescape.wiki/images/Heat-proof_vessel.png?e75c0
Volcanic Mine,Gain 1 unique from the Volcanic Mine (Not Prospector),Hard,https://oldschool.runescape.wiki/images/Heat-proof_vessel.png?e75c0
Volcanic Mine,Gain 1 unique from the Volcanic Mine (Not Prospector),Hard,https://oldschool.runescape.wiki/images/Heat-proof_vessel.png?e75c0
Prospector Outfit,Gain 1 piece of the Prospector Outfit,Medium,https://oldschool.runescape.wiki/images/Prospector_helmet.png?e2ec4
Prospector Outfit,Gain 1 piece of the Prospector Outfit,Medium,https://oldschool.runescape.wiki/images/Prospector_helmet.png?e2ec4
Prospector Outfit,Gain 1 piece of the Prospector Outfit,Medium,https://oldschool.runescape.wiki/images/Prospector_helmet.png?e2ec4
Prospector Outfit,Gain 1 piece of the Prospector Outfit,Medium,https://oldschool.runescape.wiki/images/Prospector_helmet.png?e2ec4
Aerial Fishing,Gain 1 unique from Aerial Fishing (Not Angler),Hard,https://oldschool.runescape.wiki/images/Golden_tench.png?923a0
Aerial Fishing,Gain 1 unique from Aerial Fishing (Not Angler),Hard,https://oldschool.runescape.wiki/images/Golden_tench.png?923a0
Aerial Fishing,Gain 1 unique from Aerial Fishing (Not Angler),Hard,https://oldschool.runescape.wiki/images/Golden_tench.png?923a0
Aerial Fishing,Gain 1 unique from Aerial Fishing (Not Angler),Hard,https://oldschool.runescape.wiki/images/Golden_tench.png?923a0
Aerial Fishing,Gain 1 unique from Aerial Fishing (Not Angler),Hard,https://oldschool.runescape.wiki/images/Golden_tench.png?923a0
Ruins of Camdozaal,Gain 2 uniques from the Ruins of Camdozaal,Beginner,https://oldschool.runescape.wiki/images/Barronite_mace.png?81129
Ruins of Camdozaal,Gain 2 uniques from the Ruins of Camdozaal,Beginner,https://oldschool.runescape.wiki/images/Barronite_mace.png?81129
Ruins of Camdozaal,Gain 2 uniques from the Ruins of Camdozaal,Easy,https://oldschool.runescape.wiki/images/Barronite_mace.png?81129
Ruins of Camdozaal,Gain 2 uniques from the Ruins of Camdozaal,Easy,https://oldschool.runescape.wiki/images/Barronite_mace.png?81129
Ruins of Camdozaal,Gain 2 uniques from the Ruins of Camdozaal,Easy,https://oldschool.runescape.wiki/images/Barronite_mace.png?81129
Champion's Challenge,Gain 1 unique champion scroll,Passive,https://oldschool.runescape.wiki/images/Imp_champion_scroll.png?f36f9
Champion's Challenge,Gain 1 unique champion scroll,Passive,https://oldschool.runescape.wiki/images/Imp_champion_scroll.png?f36f9
Champion's Challenge,Gain 1 unique champion scroll,Passive,https://oldschool.runescape.wiki/images/Imp_champion_scroll.png?f36f9
Champion's Challenge,Gain 1 unique champion scroll,Passive,https://oldschool.runescape.wiki/images/Imp_champion_scroll.png?f36f9
Champion's Challenge,Gain 1 unique champion scroll,Passive,https://oldschool.runescape.wiki/images/Imp_champion_scroll.png?f36f9
Champion's Challenge,Gain 1 unique champion scroll,Passive,https://oldschool.runescape.wiki/images/Imp_champion_scroll.png?f36f9
Champion's Challenge,Gain 1 unique champion scroll,Passive,https://oldschool.runescape.wiki/images/Imp_champion_scroll.png?f36f9
Champion's Challenge,Gain 1 unique champion scroll,Passive,https://oldschool.runescape.wiki/images/Imp_champion_scroll.png?f36f9
Champion's Challenge,Gain 1 unique champion scroll,Passive,https://oldschool.runescape.wiki/images/Imp_champion_scroll.png?f36f9
Champion's Challenge,Gain 1 unique champion scroll,Passive,https://oldschool.runescape.wiki/images/Imp_champion_scroll.png?f36f9
Champion's Challenge,Gain 1 unique champion scroll,Passive,https://oldschool.runescape.wiki/images/Imp_champion_scroll.png?f36f9
Chompy Bird Hunting,Gain 2 uniques from Chompy Bird Hunting,Easy,https://oldschool.runescape.wiki/images/Chompy_chick.png?36657
Chompy Bird Hunting,Gain 2 uniques from Chompy Bird Hunting,Easy,https://oldschool.runescape.wiki/images/Chompy_chick.png?36657
Chompy Bird Hunting,Gain 2 uniques from Chompy Bird Hunting,Medium,https://oldschool.runescape.wiki/images/Chompy_chick.png?36657
Chompy Bird Hunting,Gain 2 uniques from Chompy Bird Hunting,Medium,https://oldschool.runescape.wiki/images/Chompy_chick.png?36657
Chompy Bird Hunting,Gain 2 uniques from Chompy Bird Hunting,Medium,https://oldschool.runescape.wiki/images/Chompy_chick.png?36657
Chompy Bird Hunting,Gain 2 uniques from Chompy Bird Hunting,Medium,https://oldschool.runescape.wiki/images/Chompy_chick.png?36657
Chompy Bird Hunting,Gain 2 uniques from Chompy Bird Hunting,Hard,https://oldschool.runescape.wiki/images/Chompy_chick.png?36657
Chompy Bird Hunting,Gain 2 uniques from Chompy Bird Hunting,Hard,https://oldschool.runescape.wiki/images/Chompy_chick.png?36657
Chompy Bird Hunting,Gain 2 uniques from Chompy Bird Hunting,Hard,https://oldschool.runescape.wiki/images/Chompy_chick.png?36657
Chompy Bird Hunting,Gain 1 unique from Chompy Bird Hunting,Master,https://oldschool.runescape.wiki/images/Chompy_chick.png?36657
Colossal Wyrm Agility,Gain 1 unique from Colossal Wyrm Agility,Easy,https://oldschool.runescape.wiki/images/Termites.png?942fb
Colossal Wyrm Agility,Gain 1 unique from Colossal Wyrm Agility,Hard,https://oldschool.runescape.wiki/images/Termites.png?942fb
Colossal Wyrm Agility,Gain 6 uniques from Colossal Wyrm Agility,Elite,https://oldschool.runescape.wiki/images/Termites.png?942fb
Creature Creation,Gain 1 unique from Creature Creation,Beginner,https://oldschool.runescape.wiki/images/Rune_satchel.png?4ffaa
Creature Creation,Gain 1 unqiue from Creature Creation,Beginner,https://oldschool.runescape.wiki/images/Rune_satchel.png?4ffaa
Creature Creation,Gain 1 unqiue from Creature Creation,Beginner,https://oldschool.runescape.wiki/images/Rune_satchel.png?4ffaa
Creature Creation,Gain 1 unqiue from Creature Creation,Beginner,https://oldschool.runescape.wiki/images/Rune_satchel.png?4ffaa
Creature Creation,Gain 1 unqiue from Creature Creation,Beginner,https://oldschool.runescape.wiki/images/Rune_satchel.png?4ffaa
Creature Creation,Gain 1 unqiue from Creature Creation,Beginner,https://oldschool.runescape.wiki/images/Rune_satchel.png?4ffaa
Creature Creation,Gain 1 unqiue from Creature Creation,Beginner,https://oldschool.runescape.wiki/images/Rune_satchel.png?4ffaa
Cyclopes,Gain 7 uniques from Cyclopes,Medium,https://oldschool.runescape.wiki/images/Rune_defender.png?ce07d
Cyclopes,Gain 1 uniques from Cyclopes,Hard,https://oldschool.runescape.wiki/images/Dragon_defender.png?3a184
Elder Chaos Druids,Gain 1 unique from Elder Chaos Druids,Elite,https://oldschool.runescape.wiki/images/Elder_chaos_hood.png?0a875
Elder Chaos Druids,Gain 1 unique from Elder Chaos Druids,Elite,https://oldschool.runescape.wiki/images/Elder_chaos_hood.png?0a875
Elder Chaos Druids,Gain 1 unique from Elder Chaos Druids,Elite,https://oldschool.runescape.wiki/images/Elder_chaos_hood.png?0a875
Forestry,Gain 1 unique from Forestly (Not lumberjack),Beginner,https://oldschool.runescape.wiki/images/Pheasant_cape.png?5e361
Forestry,Gain 1 unique from Forestry (Not lumberjack),Easy,https://oldschool.runescape.wiki/images/Pheasant_cape.png?5e361
Forestry,Gain 1 unique from Forestry (Not lumberjack),Easy,https://oldschool.runescape.wiki/images/Pheasant_cape.png?5e361
Forestry,Gain 1 unique from Forestry (Not lumberjack),Medium,https://oldschool.runescape.wiki/images/Pheasant_cape.png?5e361
Forestry,Gain 1 unique from Forestry (Not lumberjack),Medium,https://oldschool.runescape.wiki/images/Pheasant_cape.png?5e361
Forestry,Gain 1 unique from Forestry (Not lumberjack),Medium,https://oldschool.runescape.wiki/images/Pheasant_cape.png?5e361
Forestry,Gain 1 unique from Forestry (Not lumberjack),Medium,https://oldschool.runescape.wiki/images/Pheasant_cape.png?5e361
Forestry,Gain 1 unique from Forestry (Not lumberjack),Medium,https://oldschool.runescape.wiki/images/Pheasant_cape.png?5e361
Forestry,Gain 1 unique from Forestry (Not lumberjack),Medium,https://oldschool.runescape.wiki/images/Pheasant_cape.png?5e361
Forestry,Gain 1 unique from Forestry (Not lumberjack),Hard,https://oldschool.runescape.wiki/images/Pheasant_cape.png?5e361
Forestry,Gain 1 unique from Forestry (Not lumberjack),Hard,https://oldschool.runescape.wiki/images/Pheasant_cape.png?5e361
Forestry,Gain 1 unique from Forestry (Not lumberjack),Hard,https://oldschool.runescape.wiki/images/Pheasant_cape.png?5e361
Forestry,Gain 1 unique from Forestry (Not lumberjack),Hard,https://oldschool.runescape.wiki/images/Pheasant_cape.png?5e361
Forestry,Gain 1 unique from Forestry (Not lumberjack),Hard,https://oldschool.runescape.wiki/images/Pheasant_cape.png?5e361
Forestry,Gain 1 unique from Forestry (Not lumberjack),Hard,https://oldschool.runescape.wiki/images/Pheasant_cape.png?5e361
Forestry,Gain 1 unique from Forestry (Not lumberjack),Hard,https://oldschool.runescape.wiki/images/Pheasant_cape.png?5e361
Forestry,Gain 1 unique from Forestry (Not lumberjack),Elite,https://oldschool.runescape.wiki/images/Pheasant_cape.png?5e361
Forestry,Gain 1 unique from Forestry (Not lumberjack),Elite,https://oldschool.runescape.wiki/images/Pheasant_cape.png?5e361
Forestry,Gain 1 unique from Forestry (Not lumberjack),Elite,https://oldschool.runescape.wiki/images/Pheasant_cape.png?5e361
Fossil Island Notes,Gain 2 uniques from the Fossil Island Notes,Easy,https://oldschool.runescape.wiki/images/Partial_note.png?85699
Fossil Island Notes,Gain 2 uniques from the Fossil Island Notes,Easy,https://oldschool.runescape.wiki/images/Partial_note.png?85699
Fossil Island Notes,Gain 2 uniques from the Fossil Island Notes,Medium,https://oldschool.runescape.wiki/images/Partial_note.png?85699
Fossil Island Notes,Gain 2 uniques from the Fossil Island Notes,Medium,https://oldschool.runescape.wiki/images/Partial_note.png?85699
Fossil Island Notes,Gain 2 uniques from the Fossil Island Notes,Medium,https://oldschool.runescape.wiki/images/Partial_note.png?85699
Fossil Island Notes,Gain 2 uniques from the Fossil Island Notes,Medium,https://oldschool.runescape.wiki/images/Partial_note.png?85699
Demonic Gorillas,Gain 1 unique from Glough's Experiments,Hard,https://oldschool.runescape.wiki/images/Zenyte_shard.png?8abb8
Demonic Gorillas,Gain 1 unique from Glough's Experiments,Hard,https://oldschool.runescape.wiki/images/Zenyte_shard.png?8abb8
Demonic Gorillas,Gain 1 unique from Glough's Experiments,Elite,https://oldschool.runescape.wiki/images/Zenyte_shard.png?8abb8
Demonic Gorillas,Gain 1 unique from Glough's Experiments,Elite,https://oldschool.runescape.wiki/images/Zenyte_shard.png?8abb8
Demonic Gorillas,Gain 1 unique from Glough's Experiments,Elite,https://oldschool.runescape.wiki/images/Zenyte_shard.png?8abb8
Demonic Gorillas,Gain 1 unique from Glough's Experiments,Elite,https://oldschool.runescape.wiki/images/Zenyte_shard.png?8abb8
Hunter Guild,Gain 1 unique from the Hunter Guild,Medium,https://oldschool.runescape.wiki/images/Quetzin.png?2aa36
Hunter Guild,Gain 1 unique from the Hunter Guild,Medium,https://oldschool.runescape.wiki/images/Quetzin.png?2aa36
Hunter Guild,Gain 1 unique from the Hunter Guild,Hard,https://oldschool.runescape.wiki/images/Quetzin.png?2aa36
Hunter Guild,Gain 1 unique from the Hunter Guild,Hard,https://oldschool.runescape.wiki/images/Quetzin.png?2aa36
Hunter Guild,Gain 1 unique from the Hunter Guild,Medium,https://oldschool.runescape.wiki/images/Quetzin.png?2aa36
Hunter Guild,Gain 1 unique from the Hunter Guild,Master,https://oldschool.runescape.wiki/images/Quetzin.png?2aa36
Monkey Backpacks,Gain 1 unique Monkey Backpack,Medium,https://oldschool.runescape.wiki/images/Karamjan_monkey_%28item%29.png?863e0
Monkey Backpacks,Gain 1 unique Monkey Backpack,Medium,https://oldschool.runescape.wiki/images/Karamjan_monkey_%28item%29.png?863e0
Monkey Backpacks,Gain 1 unique Monkey Backpack,Hard,https://oldschool.runescape.wiki/images/Karamjan_monkey_%28item%29.png?863e0
Monkey Backpacks,Gain 1 unique Monkey Backpack,Hard,https://oldschool.runescape.wiki/images/Karamjan_monkey_%28item%29.png?863e0
Monkey Backpacks,Gain 1 unique Monkey Backpack,Elite,https://oldschool.runescape.wiki/images/Karamjan_monkey_%28item%29.png?863e0
Monkey Backpacks,Gain 1 unique Monkey Backpack,Elite,https://oldschool.runescape.wiki/images/Karamjan_monkey_%28item%29.png?863e0
Motherlode Mine,Gain 1 unique from the Motherlode Mine (Not prospector),Medium,https://oldschool.runescape.wiki/images/Coal_bag.png?09bb0
Motherlode Mine,Gain 1 unique from the Motherlode Mine (Not prospector),Medium,https://oldschool.runescape.wiki/images/Coal_bag.png?09bb0
My Notes,Gain 2 unique notes,Hard,https://oldschool.runescape.wiki/images/Ancient_page.png?45b61
My Notes,Gain 4 unique notes,Elite,https://oldschool.runescape.wiki/images/Ancient_page.png?45b61
My Notes,Gain 4 unique notes,Elite,https://oldschool.runescape.wiki/images/Ancient_page.png?45b61
My Notes,Gain 4 unique notes,Elite,https://oldschool.runescape.wiki/images/Ancient_page.png?45b61
My Notes,Gain 4 unique notes,Elite,https://oldschool.runescape.wiki/images/Ancient_page.png?45b61
My Notes,Gain 4 unique notes,Elite,https://oldschool.runescape.wiki/images/Ancient_page.png?45b61
My Notes,Gain 4 unique notes,Elite,https://oldschool.runescape.wiki/images/Ancient_page.png?45b61
Random Events,Gain 3 unique Random Event items,Passive,https://oldschool.runescape.wiki/images/Camo_top.png?56d17
Random Events,Gain 3 unique Random Event items,Passive,https://oldschool.runescape.wiki/images/Camo_top.png?56d17
Random Events,Gain 3 unique Random Event items,Passive,https://oldschool.runescape.wiki/images/Camo_top.png?56d17
Random Events,Gain 3 unique Random Event items,Passive,https://oldschool.runescape.wiki/images/Camo_top.png?56d17
Random Events,Gain 3 unique Random Event items,Passive,https://oldschool.runescape.wiki/images/Camo_top.png?56d17
Random Events,Gain 3 unique Random Event items,Passive,https://oldschool.runescape.wiki/images/Camo_top.png?56d17
Random Events,Gain 3 unique Random Event items,Passive,https://oldschool.runescape.wiki/images/Camo_top.png?56d17
Random Events,Gain 2 unique Random Event items,Passive,https://oldschool.runescape.wiki/images/Camo_top.png?56d17
Revenants,Gain 1 unique from Revenants,Medium,https://oldschool.runescape.wiki/images/Ancient_statuette.png?cbe92
Revenants,Gain 1 unique from Revenants,Medium,https://oldschool.runescape.wiki/images/Ancient_statuette.png?cbe92
Revenants,Gain 1 unique from Revenants,Hard,https://oldschool.runescape.wiki/images/Ancient_statuette.png?cbe92
Revenants,Gain 1 unique from Revenants,Hard,https://oldschool.runescape.wiki/images/Ancient_statuette.png?cbe92
Revenants,Gain 1 unique from Revenants,Hard,https://oldschool.runescape.wiki/images/Ancient_statuette.png?cbe92
Revenants,Gain 1 unique from Revenants,Hard,https://oldschool.runescape.wiki/images/Ancient_statuette.png?cbe92
Revenants,Gain 1 unique from Revenants,Hard,https://oldschool.runescape.wiki/images/Ancient_statuette.png?cbe92
Revenants,Gain 1 unique from Revenants,Elite,https://oldschool.runescape.wiki/images/Ancient_statuette.png?cbe92
Revenants,Gain 1 unique from Revenants,Elite,https://oldschool.runescape.wiki/images/Ancient_statuette.png?cbe92
Revenants,Gain 1 unique from Revenants,Elite,https://oldschool.runescape.wiki/images/Ancient_statuette.png?cbe92
Revenants,Gain 1 unique from Revenants,Master,https://oldschool.runescape.wiki/images/Ancient_statuette.png?cbe92
Revenants,Gain 1 unique from Revenants,Master,https://oldschool.runescape.wiki/images/Ancient_statuette.png?cbe92
Revenants,Gain 1 unique from Revenants,Master,https://oldschool.runescape.wiki/images/Ancient_statuette.png?cbe92
Revenants,Gain 1 unique from Revenants,Master,https://oldschool.runescape.wiki/images/Ancient_statuette.png?cbe92
Rooftop Agility,Gain 1 unique from Rooftop Agility,Beginner,https://oldschool.runescape.wiki/images/Mark_of_grace.png?717ea
Rooftop Agility,Gain 1 unique from Rooftop Agility,Easy,https://oldschool.runescape.wiki/images/Mark_of_grace.png?717ea
Rooftop Agility,Gain 1 unique from Rooftop Agility,Easy,https://oldschool.runescape.wiki/images/Mark_of_grace.png?717ea
Rooftop Agility,Gain 1 unique from Rooftop Agility,Medium,https://oldschool.runescape.wiki/images/Mark_of_grace.png?717ea
Rooftop Agility,Gain 1 unique from Rooftop Agility,Medium,https://oldschool.runescape.wiki/images/Mark_of_grace.png?717ea
Rooftop Agility,Gain 1 unique from Rooftop Agility,Medium,https://oldschool.runescape.wiki/images/Mark_of_grace.png?717ea
Rooftop Agility,Gain 1 unique from Rooftop Agility,Medium,https://oldschool.runescape.wiki/images/Mark_of_grace.png?717ea
Shayzien Armour,Gain the next tier of Shayzien Armour,Easy,https://oldschool.runescape.wiki/images/Shayzien_body_%285%29.png?847d4
Shayzien Armour,Gain the next tier of Shayzien Armour,Easy,https://oldschool.runescape.wiki/images/Shayzien_body_%285%29.png?847d4
Shayzien Armour,Gain the next tier of Shayzien Armour,Easy,https://oldschool.runescape.wiki/images/Shayzien_body_%285%29.png?847d4
Shayzien Armour,Gain the next tier of Shayzien Armour,Medium,https://oldschool.runescape.wiki/images/Shayzien_body_%285%29.png?847d4
Shayzien Armour,Gain the next tier of Shayzien Armour,Medium,https://oldschool.runescape.wiki/images/Shayzien_body_%285%29.png?847d4
Shooting Stars,Gain 1 unique from Shooting Stars,Easy,https://oldschool.runescape.wiki/images/Stardust_175.png?d7a80
Shooting Stars,Gain 1 unique from Shooting Stars,Easy,https://oldschool.runescape.wiki/images/Stardust_175.png?d7a80
Skilling Pet,Gain 1 unique Skilling Pet,Passive,https://oldschool.runescape.wiki/images/Fishbowl_%28blue%29.png?5abba
Skilling Pet,Gain 1 unique Skilling Pet,Passive,https://oldschool.runescape.wiki/images/Fishbowl_%28blue%29.png?5abba
Skilling Pet,Gain 1 unique Skilling Pet,Passive,https://oldschool.runescape.wiki/images/Fishbowl_%28blue%29.png?5abba
Skilling Pet,Gain 1 unique Skilling Pet,Passive,https://oldschool.runescape.wiki/images/Fishbowl_%28blue%29.png?5abba
Skilling Pet,Gain 1 unique Skilling Pet,Passive,https://oldschool.runescape.wiki/images/Fishbowl_%28blue%29.png?5abba
Skilling Pet,Gain 1 unique Skilling Pet,Passive,https://oldschool.runescape.wiki/images/Fishbowl_%28blue%29.png?5abba
Skilling Pet,Gain 1 unique Skilling Pet,Passive,https://oldschool.runescape.wiki/images/Fishbowl_%28blue%29.png?5abba
Skilling Pet,Gain 1 unique Skilling Pet,Passive,https://oldschool.runescape.wiki/images/Fishbowl_%28blue%29.png?5abba
Stuffed Head,Gain a new stuffed head,Easy,https://oldschool.runescape.wiki/images/Crawling_hand_%28item%29.png?5352a
Stuffed Head,Gain a new stuffed head,Medium,https://oldschool.runescape.wiki/images/Cockatrice_head.png?09bb0
Stuffed Head,Gain a new stuffed head,Hard,https://oldschool.runescape.wiki/images/Basilisk_head.png?3be33
Stuffed Head,Gain a new stuffed head,Hard,https://oldschool.runescape.wiki/images/Kurask_head.png?e1c79
Stuffed Head,Gain a new stuffed head,Elite,https://oldschool.runescape.wiki/images/Abyssal_head.png?c04be
Imbued Heart,Obtain an Imbued Heart,Passive,https://oldschool.runescape.wiki/images/Imbued_heart.png?19317
Eternal Gem,Obtain an Eternal Gem,Passive,https://oldschool.runescape.wiki/images/Eternal_gem.png?b8cf0
Dust Battlestaff,Obtain a Dust Battlestaff,Passive,https://oldschool.runescape.wiki/images/Dust_battlestaff.png?5eb13
Mist battlestaff,Obtain a Mist Battlestaff,Passive,https://oldschool.runescape.wiki/images/Mist_battlestaff.png?92ebd
Abyssal Whip,Obtain an Abyssal Whip,Elite,https://oldschool.runescape.wiki/images/Abyssal_whip.png?727e9
Granite Maul,Obtain a Granite Maul,Elite,https://oldschool.runescape.wiki/images/Granite_maul.png?e75c0
Mogre Cosplay,Obtain the Mudskipper Hat and Flippers,Easy,https://oldschool.runescape.wiki/images/Mudskipper_hat.png?7027d
Brine Sabre,Obtain a Brine Sabre,Medium,https://oldschool.runescape.wiki/images/Brine_sabre.png?05d25
Leaf-bladed,Obtain a unique Lead-bladed Weapon,Hard,https://oldschool.runescape.wiki/images/Leaf-bladed_sword.png?fa8bd
Leaf-bladed,Obtain a unique Lead-bladed Weapon,Hard,https://oldschool.runescape.wiki/images/Leaf-bladed_sword.png?fa8bd
Black Mask,Obtain a Black Mask,Medium,https://oldschool.runescape.wiki/images/Black_mask_%2810%29.png?43853
Fossil Island Wyvern Granite,Obtain a unique Granite item from Fossil Island Wyverns,Elite,https://oldschool.runescape.wiki/images/Granite_longsword.png?fee90
Fossil Island Wyvern Granite,Obtain a unique Granite item from Fossil Island Wyverns,Elite,https://oldschool.runescape.wiki/images/Granite_longsword.png?fee90
Wyvern Visage,Obtain a unique Granite item from Fossil Island Wyverns,Elite,https://oldschool.runescape.wiki/images/Wyvern_visage.png?022de
Granite legs,Obtain Granite Legs,Hard,https://oldschool.runescape.wiki/images/Granite_legs.png?fee90
Granite Helm,Obtain a Granite Helm,Medium,https://oldschool.runescape.wiki/images/Granite_helm.png?19135
Draconic Visage,Obtain a Draconic Visage,Master,https://oldschool.runescape.wiki/images/Draconic_visage.png?cb9aa
Metal Boots,Obtain the next tier of metal boots,Beginner,https://oldschool.runescape.wiki/images/Rune_boots.png?eec05
Metal Boots,Obtain the next tier of metal boots,Beginner,https://oldschool.runescape.wiki/images/Rune_boots.png?eec05
Metal Boots,Obtain the next tier of metal boots,Easy,https://oldschool.runescape.wiki/images/Rune_boots.png?eec05
Metal Boots,Obtain the next tier of metal boots,Easy,https://oldschool.runescape.wiki/images/Rune_boots.png?eec05
Metal Boots,Obtain the next tier of metal boots,Medium,https://oldschool.runescape.wiki/images/Rune_boots.png?eec05
Metal Boots,Obtain the next tier of metal boots,Hard,https://oldschool.runescape.wiki/images/Rune_boots.png?eec05
Metal Boots,Obtain the next tier of metal boots,Hard,https://oldschool.runescape.wiki/images/Rune_boots.png?eec05
Metal Boots,Obtain the next tier of metal boots,Elite,https://oldschool.runescape.wiki/images/Rune_boots.png?eec05
Dark Bow,Obtain a Dark Bow,Master,https://oldschool.runescape.wiki/images/Dark_bow.png?4806b
Occult Necklace,Obtain a Occult Necklace,Master,https://oldschool.runescape.wiki/images/Occult_necklace.png?7df05
Dragon chainbody,Obtain a Dragon chainbody,Master,https://oldschool.runescape.wiki/images/Dragon_chainbody.png?c85b3
Dragon Thrownaxe,Obtain a Dragon Thrownaxe,Elite,https://oldschool.runescape.wiki/images/Dragon_thrownaxe.png?8fa13
Dragon Harpoon,Obtain a Dragon Harpoon,Elite,https://oldschool.runescape.wiki/images/Dragon_harpoon.png?cc5f3
Dragon Sword,Obtain the Dragon Sword,Elite,https://oldschool.runescape.wiki/images/Dragon_sword.png?cc5f3
Dragon Knife,Obtain the Dragon Knife,Elite,https://oldschool.runescape.wiki/images/Dragon_knife.png?8fa13
Brimstone Chest,Obtain 1 unique Brimstone Chest Unique,Passive,https://oldschool.runescape.wiki/images/Mystic_hat_%28dusk%29.png?246bf
Brimstone Chest,Obtain 1 unique Brimstone Chest Unique,Passive,https://oldschool.runescape.wiki/images/Mystic_hat_%28dusk%29.png?246bf
Brimstone Chest,Obtain 1 unique Brimstone Chest Unique,Passive,https://oldschool.runescape.wiki/images/Mystic_hat_%28dusk%29.png?246bf
Brimstone Chest,Obtain 1 unique Brimstone Chest Unique,Passive,https://oldschool.runescape.wiki/images/Mystic_hat_%28dusk%29.png?246bf
Brimstone Chest,Obtain 1 unique Brimstone Chest Unique,Passive,https://oldschool.runescape.wiki/images/Mystic_hat_%28dusk%29.png?246bf
Brimstone Chest,Obtain 1 unique Brimstone Chest Unique,Passive,https://oldschool.runescape.wiki/images/Mystic_hat_%28dusk%29.png?246bf
Not like us,Obtain 1 unique from Drakes,Elite,https://oldschool.runescape.wiki/images/Drake%27s_tooth.png?0b9c9
Not like us,Obtain 1 unique from Drakes,Elite,https://oldschool.runescape.wiki/images/Drake%27s_tooth.png?0b9c9
Light Mystic,Obtain 1 unique piece of Light Mystic,Hard,https://oldschool.runescape.wiki/images/Mystic_hat_%28light%29.png?df7b3
Light Mystic,Obtain 1 unique piece of Light Mystic,Hard,https://oldschool.runescape.wiki/images/Mystic_hat_%28light%29.png?df7b3
Light Mystic,Obtain 1 unique piece of Light Mystic,Hard,https://oldschool.runescape.wiki/images/Mystic_hat_%28light%29.png?df7b3
Light Mystic,Obtain 1 unique piece of Light Mystic,Hard,https://oldschool.runescape.wiki/images/Mystic_hat_%28light%29.png?df7b3
Dark Mystic,Obtain 1 unique peice of Dark Mystic,Hard,https://oldschool.runescape.wiki/images/Mystic_hat_%28dark%29.png?3ab54
Basilisk Jaw,Obtain a Basilisk Jaw,Elite,https://oldschool.runescape.wiki/images/Basilisk_jaw.png?3be33
Dagon'hai,Obtain 1 unique piece of Dagon'hai,Elite,https://oldschool.runescape.wiki/images/Dagon%27hai_robe_top.png?1c69a
Dagon'hai,Obtain 1 unique piece of Dagon'hai,Elite,https://oldschool.runescape.wiki/images/Dagon%27hai_robe_top.png?1c69a
Dagon'hai,Obtain 1 unique piece of Dagon'hai,Elite,https://oldschool.runescape.wiki/images/Dagon%27hai_robe_top.png?1c69a
Blood Shard,Obtain a Blood Shard,Master,https://oldschool.runescape.wiki/images/Blood_shard.png?3d4c6
Ancient Ceremonial,Obtain 1 unique piece of Anicent Ceremonial,Master,https://oldschool.runescape.wiki/images/Ancient_ceremonial_mask.png?97024
Ancient Ceremonial,Obtain 1 unique piece of Anicent Ceremonial,Master,https://oldschool.runescape.wiki/images/Ancient_ceremonial_mask.png?97024
Ancient Ceremonial,Obtain 1 unique piece of Anicent Ceremonial,Master,https://oldschool.runescape.wiki/images/Ancient_ceremonial_mask.png?97024
Warped Sceptre,Obtain a Warped Sceptre,Hard,https://oldschool.runescape.wiki/images/Warped_sceptre.png?5051f
Sulphur Blades,Obtain Sulphur Blades,Medium,https://oldschool.runescape.wiki/images/Sulphur_blades.png?16fac
Teleport Anchoring Scroll,Obtain a Teleport Anchoring Scroll,Hard,https://oldschool.runescape.wiki/images/Teleport_anchoring_scroll.png?4518a
Aranea Boots,Obtain Aranea Boots,Master,https://oldschool.runescape.wiki/images/Aranea_boots.png?8bfab
Glacial temotli,Obtain Glacial temotli,Medium,https://oldschool.runescape.wiki/images/Glacial_temotli.png?4836f
Pendant of ates ,Obtain a Pendant of ates ,Medium,https://oldschool.runescape.wiki/images/Pendant_of_ates_%28inert%29.png?942fb
Earthbound tecpatl,Obtain Earthbound tecpatl,Medium,https://oldschool.runescape.wiki/images/Earthbound_tecpatl.png?e51e4
Antler guard,Obtain a Antler guard,Hard,https://oldschool.runescape.wiki/images/Antler_guard.png?dfef1
Broken antler,Obtain Broken antlers,Medium,https://oldschool.runescape.wiki/images/Broken_antler.png?e1daf
Alchemist's signet,Obtain Alchemist's signet,Hard,https://oldschool.runescape.wiki/images/Alchemist%27s_signet.png?dfef1
Tormented Demons,Obtain 1 unique from Tormented Demons,Elite,https://oldschool.runescape.wiki/images/Tormented_synapse.png?4d370
Tormented Demons,Obtain 1 unique from Tormented Demons,Elite,https://oldschool.runescape.wiki/images/Tormented_synapse.png?4d370
Tormented Demons,Obtain 1 unique from Tormented Demons,Elite,https://oldschool.runescape.wiki/images/Tormented_synapse.png?4d370
TzHaar,Obtain 1 unique from the TzHaar,Easy,https://oldschool.runescape.wiki/images/Toktz-ket-xil.png?04f28
TzHaar,Obtain 1 unique from the TzHaar,Easy,https://oldschool.runescape.wiki/images/Toktz-ket-xil.png?04f28
TzHaar,Obtain 1 unique from the TzHaar,Medium,https://oldschool.runescape.wiki/images/Toktz-ket-xil.png?04f28
TzHaar,Obtain 1 unique from the TzHaar,Medium,https://oldschool.runescape.wiki/images/Toktz-ket-xil.png?04f28
TzHaar,Obtain 1 unique from the TzHaar,Medium,https://oldschool.runescape.wiki/images/Toktz-ket-xil.png?04f28
TzHaar,Obtain 1 unique from the TzHaar,Medium,https://oldschool.runescape.wiki/images/Toktz-ket-xil.png?04f28
TzHaar,Obtain 1 unique from the TzHaar,Hard,https://oldschool.runescape.wiki/images/Toktz-ket-xil.png?04f28
TzHaar,Obtain 1 unique from the TzHaar,Hard,https://oldschool.runescape.wiki/images/Toktz-ket-xil.png?04f28
TzHaar,Obtain 1 unique from the TzHaar,Hard,https://oldschool.runescape.wiki/images/Toktz-ket-xil.png?04f28
TzHaar,Obtain 1 unique from the TzHaar,Hard,https://oldschool.runescape.wiki/images/Toktz-ket-xil.png?04f28
Herbi,Obtain Herbi,Passive,https://oldschool.runescape.wiki/images/Herbi.png?d8722
Dragon Warhammer,Obtain a Dragon Warhammer,Elite,https://oldschool.runescape.wiki/images/Dragon_warhammer.png?73103
Big Fish,Obtain a unique big fish,Medium,https://oldschool.runescape.wiki/images/Big_shark.png?356fd
Big Fish,Obtain a unique big fish,Hard,https://oldschool.runescape.wiki/images/Big_shark.png?356fd
Big Fish,Obtain a unique big fish,Elite,https://oldschool.runescape.wiki/images/Big_shark.png?356fd
Weird Bone,Obtain a unique strange bone,Passive,https://oldschool.runescape.wiki/images/Long_bone.png?6dc61
Weird Bone,Obtain a unique strange bone,Passive,https://oldschool.runescape.wiki/images/Long_bone.png?6dc61
Ecumenical key,Obtain a Ecumenical key,Medium,https://oldschool.runescape.wiki/images/Ecumenical_key.png?c85b3
Pharaoh's Sceptre,Obtain a Pharaoh's Sceptre,Master,https://oldschool.runescape.wiki/images/Pharaoh%27s_sceptre_%28uncharged%29.png?b225e
Chewed Bones,Obtain Chewed Bones,Hard,https://oldschool.runescape.wiki/images/Chewed_bones.png?3caf6
Dragon Full Helm,Obtain a Dragon Full Helm,Master,https://oldschool.runescape.wiki/images/Dragon_full_helm.png?cc5f3
Shield Left Half,Obtain a Shield Left Half,Passive,https://oldschool.runescape.wiki/images/Shield_left_half.png?f410d
Dragon Metal Slice,Obtain a Dragon Metal Slice,Elite,https://oldschool.runescape.wiki/images/Dragon_metal_slice.png?cc5f3
Dragon Metal Lump,Obtain a Dragon Metal Lump,Master,https://oldschool.runescape.wiki/images/Dragon_metal_lump.png?8fa13
Dragon Limbs,Obtain Dragon Limbs,Elite,https://oldschool.runescape.wiki/images/Dragon_limbs.png?cc5f3
Dragon Spear,Obtain a Dragon Spear,Passive,https://oldschool.runescape.wiki/images/Dragon_spear.png?cc5f3
Eternal Glory,Obtain an Amulet of eternal glory,Master,https://oldschool.runescape.wiki/images/Amulet_of_eternal_glory.png?248b4
Shaman Mask,Obtain a Shaman Mask,Medium,https://oldschool.runescape.wiki/images/Shaman_mask.png?c943f
Evil Chicken,Obtain 1 unique piece of the Evil Chicken Outfit,Passive,https://oldschool.runescape.wiki/images/Evil_chicken_head.png?b8cf0
Evil Chicken,Obtain 1 unique piece of the Evil Chicken Outfit,Passive,https://oldschool.runescape.wiki/images/Evil_chicken_head.png?b8cf0
Evil Chicken,Obtain 1 unique piece of the Evil Chicken Outfit,Passive,https://oldschool.runescape.wiki/images/Evil_chicken_head.png?b8cf0
Evil Chicken,Obtain 1 unique piece of the Evil Chicken Outfit,Passive,https://oldschool.runescape.wiki/images/Evil_chicken_head.png?b8cf0
Mining Gloves,Obtain the next tier of Mining Gloves,Medium,https://oldschool.runescape.wiki/images/Mining_gloves.png?ccf02
Mining Gloves,Obtain the next tier of Mining Gloves,Hard,https://oldschool.runescape.wiki/images/Mining_gloves.png?ccf02
Mining Gloves,Obtain the next tier of Mining Gloves,Elite,https://oldschool.runescape.wiki/images/Mining_gloves.png?ccf02
Skull sceptre,Create the Skull sceptre,Easy,https://oldschool.runescape.wiki/images/Skull_sceptre.png?1d1f2
Fresh Crab,Obtain the Fresh Crab Clab and Shell,Easy,https://oldschool.runescape.wiki/images/Fresh_crab_claw.png?f59ab
Xeric's Talisman,Obtain Xeric's Talisman,Medium,https://oldschool.runescape.wiki/images/Xeric%27s_talisman_%28inert%29.png?046c7
Mask of Ranul,Obtain the Mask of Ranul,Hard,https://oldschool.runescape.wiki/images/Mask_of_ranul.png?717ea
Elven Signet,Obtain the Elven Signet,Master,https://oldschool.runescape.wiki/images/Elven_signet.png?1bc1e
Crystal Grail,Obtain the Crystal Grail,Master,https://oldschool.runescape.wiki/images/Crystal_grail.png?9e4ab
Enhanced crystal teleport seed,Obtain a Enhanced crystal teleport seed,Master,https://oldschool.runescape.wiki/images/Enhanced_crystal_teleport_seed.png?b8cf0
Dragonstone Armour,Obtain a piece of Dragonstone Armour,Passive,https://oldschool.runescape.wiki/images/Dragonstone_full_helm.png?5eb13
Dragonstone Armour,Obtain a piece of Dragonstone Armour,Passive,https://oldschool.runescape.wiki/images/Dragonstone_full_helm.png?5eb13
Dragonstone Armour,Obtain a piece of Dragonstone Armour,Passive,https://oldschool.runescape.wiki/images/Dragonstone_full_helm.png?5eb13
Dragonstone Armour,Obtain a piece of Dragonstone Armour,Passive,https://oldschool.runescape.wiki/images/Dragonstone_full_helm.png?5eb13
Dragonstone Armour,Obtain a piece of Dragonstone Armour,Passive,https://oldschool.runescape.wiki/images/Dragonstone_full_helm.png?5eb13
Merfolk Trident,Obtain a Merfolk Trident,Elite,https://oldschool.runescape.wiki/images/Merfolk_trident.png?92ebd
Egg Sac,Obtain an Orange or Blue Egg Sac,Hard,https://oldschool.runescape.wiki/images/Orange_egg_sac.png?93ae0
Egg Sac,Obtain an Orange or Blue Egg Sac,Hard,https://oldschool.runescape.wiki/images/Orange_egg_sac.png?93ae0
Armoured Zombies,Obtain 1 unique from Armoured Zombies,Medium,https://oldschool.runescape.wiki/images/Broken_zombie_axe.png?37ae2
Armoured Zombies,Obtain 1 unique from Armoured Zombies,Medium,https://oldschool.runescape.wiki/images/Broken_zombie_axe.png?37ae2
Helmet of the Moon,Obtain the Helmet of the Moon,Master,https://oldschool.runescape.wiki/images/Helmet_of_the_moon.png?3e0c3
Magic Training Arena,Get 1 unique from the Magic Training Arena,Easy,https://oldschool.runescape.wiki/images/Mage%27s_book.png?8bd5a
Magic Training Arena,Get 1 unique from the Magic Training Arena,Medium,https://oldschool.runescape.wiki/images/Mage%27s_book.png?8bd5a
Magic Training Arena,Get 1 unique from the Magic Training Arena,Medium,https://oldschool.runescape.wiki/images/Mage%27s_book.png?8bd5a
Magic Training Arena,Get 1 unique from the Magic Training Arena,Hard,https://oldschool.runescape.wiki/images/Mage%27s_book.png?8bd5a
Magic Training Arena,Get 1 unique from the Magic Training Arena,Hard,https://oldschool.runescape.wiki/images/Mage%27s_book.png?8bd5a
Magic Training Arena,Get 1 unique from the Magic Training Arena,Hard,https://oldschool.runescape.wiki/images/Mage%27s_book.png?8bd5a
Magic Training Arena,Get 1 unique from the Magic Training Arena,Elite,https://oldschool.runescape.wiki/images/Mage%27s_book.png?8bd5a
Magic Training Arena,Get 1 unique from the Magic Training Arena,Elite,https://oldschool.runescape.wiki/images/Mage%27s_book.png?8bd5a
Magic Training Arena,Get 1 unique from the Magic Training Arena,Elite,https://oldschool.runescape.wiki/images/Mage%27s_book.png?8bd5a
Magic Training Arena,Get 1 unique from the Magic Training Arena,Elite,https://oldschool.runescape.wiki/images/Mage%27s_book.png?8bd5a
Magic Training Arena,Get 1 unique from the Magic Training Arena,Elite,https://oldschool.runescape.wiki/images/Mage%27s_book.png?8bd5a