id,title,description,difficulty,imageUrl
0,Abyssal Sire,Get a unique from the Abyssal Sire,Elite,https://www.runescape.com/img/rsp777/game_icon_abyssalsire.png?2
1,Abyssal Sire,Get a unique from the Abyssal Sire,Elite,https://www.runescape.com/img/rsp777/game_icon_abyssalsire.png?2
2,Abyssal Sire,Get a unique from the Abyssal Sire,Elite,https://www.runescape.com/img/rsp777/game_icon_abyssalsire.png?2
3,Abyssal Sire,Get a unique from the Abyssal Sire,Elite,https://www.runescape.com/img/rsp777/game_icon_abyssalsire.png?2
4,Abyssal Sire,Get a unique from the Abyssal Sire,Elite,https://www.runescape.com/img/rsp777/game_icon_abyssalsire.png?2
5,Abyssal Sire,Get a unique from the Abyssal Sire,Elite,https://www.runescape.com/img/rsp777/game_icon_abyssalsire.png?2
6,Abyssal Sire,Get a unique from the Abyssal Sire,Elite,https://www.runescape.com/img/rsp777/game_icon_abyssalsire.png?2
7,Abyssal Sire,Get a unique from the Abyssal Sire,Elite,https://www.runescape.com/img/rsp777/game_icon_abyssalsire.png?2
8,Alchemical Hydra,Get a unique from the Alchemical Hydra,Master,https://www.runescape.com/img/rsp777/game_icon_alchemicalhydra.png?2
9,Alchemical Hydra,Get a unique from the Alchemical Hydra,Master,https://www.runescape.com/img/rsp777/game_icon_alchemicalhydra.png?2
10,Alchemical Hydra,Get a unique from the Alchemical Hydra,Master,https://www.runescape.com/img/rsp777/game_icon_alchemicalhydra.png?2
11,Alchemical Hydra,Get a unique from the Alchemical Hydra,Master,https://www.runescape.com/img/rsp777/game_icon_alchemicalhydra.png?2
12,Alchemical Hydra,Get a unique from the Alchemical Hydra,Master,https://www.runescape.com/img/rsp777/game_icon_alchemicalhydra.png?2
13,Alchemical Hydra,Get a unique from the Alchemical Hydra,Master,https://www.runescape.com/img/rsp777/game_icon_alchemicalhydra.png?2
14,Alchemical Hydra,Get a unique from the Alchemical Hydra,Master,https://www.runescape.com/img/rsp777/game_icon_alchemicalhydra.png?2
15,Alchemical Hydra,Get a unique from the Alchemical Hydra,Master,https://www.runescape.com/img/rsp777/game_icon_alchemicalhydra.png?2
16,Alchemical Hydra,Get a unique from the Alchemical Hydra,Master,https://www.runescape.com/img/rsp777/game_icon_alchemicalhydra.png?2
17,Alchemical Hydra,Get a unique from the Alchemical Hydra,Master,https://www.runescape.com/img/rsp777/game_icon_alchemicalhydra.png?2
18,Amoxliatl,Get a unique from the Amoxliatl,Medium,https://www.runescape.com/img/rsp777/game_icon_amoxliatl.png?2
19,Amoxliatl,Get a unique from the Amoxliatl,Medium,https://www.runescape.com/img/rsp777/game_icon_amoxliatl.png?2
20,Amoxliatl,Get a unique from the Amoxliatl,Medium,https://www.runescape.com/img/rsp777/game_icon_amoxliatl.png?2
21,Araxxor,Get a unique from Araxxor,Master,https://www.runescape.com/img/rsp777/game_icon_araxxor.png?2
22,Araxxor,Get a unique from Araxxor,Master,https://www.runescape.com/img/rsp777/game_icon_araxxor.png?2
23,Araxxor,Get a unique from Araxxor,Master,https://www.runescape.com/img/rsp777/game_icon_araxxor.png?2
24,Araxxor,Get a unique from Araxxor,Master,https://www.runescape.com/img/rsp777/game_icon_araxxor.png?2
25,Araxxor,Get a unique from Araxxor,Master,https://www.runescape.com/img/rsp777/game_icon_araxxor.png?2
26,Araxxor,Get a unique from Araxxor,Master,https://www.runescape.com/img/rsp777/game_icon_araxxor.png?2
27,Araxxor,Get a unique from Araxxor,Master,https://www.runescape.com/img/rsp777/game_icon_araxxor.png?2
28,Araxxor,Get a unique from Araxxor,Master,https://www.runescape.com/img/rsp777/game_icon_araxxor.png?2
29,Araxxor,Get a unique from Araxxor,Master,https://www.runescape.com/img/rsp777/game_icon_araxxor.png?2
30,Barrows,Get a unique from Barrows,Medium,https://www.runescape.com/img/rsp777/game_icon_barrowschests.png?2
31,Barrows,Get a unique from Barrows,Medium,https://www.runescape.com/img/rsp777/game_icon_barrowschests.png?2
32,Barrows,Get a unique from Barrows,Medium,https://www.runescape.com/img/rsp777/game_icon_barrowschests.png?2
33,Barrows,Get a unique from Barrows,Medium,https://www.runescape.com/img/rsp777/game_icon_barrowschests.png?2
34,Barrows,Get a unique from Barrows,Medium,https://www.runescape.com/img/rsp777/game_icon_barrowschests.png?2
35,Barrows,Get a unique from Barrows,Medium,https://www.runescape.com/img/rsp777/game_icon_barrowschests.png?2
36,Barrows,Get a unique from Barrows,Medium,https://www.runescape.com/img/rsp777/game_icon_barrowschests.png?2
37,Barrows,Get a unique from Barrows,Medium,https://www.runescape.com/img/rsp777/game_icon_barrowschests.png?2
38,Barrows,Get a unique from Barrows,Medium,https://www.runescape.com/img/rsp777/game_icon_barrowschests.png?2
39,Barrows,Get a unique from Barrows,Medium,https://www.runescape.com/img/rsp777/game_icon_barrowschests.png?2
40,Barrows,Get a unique from Barrows,Medium,https://www.runescape.com/img/rsp777/game_icon_barrowschests.png?2
41,Barrows,Get a unique from Barrows,Medium,https://www.runescape.com/img/rsp777/game_icon_barrowschests.png?2
42,Barrows,Get a unique from Barrows,Easy,https://www.runescape.com/img/rsp777/game_icon_barrowschests.png?2
43,Barrows,Get a unique from Barrows,Easy,https://www.runescape.com/img/rsp777/game_icon_barrowschests.png?2
44,Barrows,Get a unique from Barrows,Easy,https://www.runescape.com/img/rsp777/game_icon_barrowschests.png?2
45,Barrows,Get a unique from Barrows,Easy,https://www.runescape.com/img/rsp777/game_icon_barrowschests.png?2
46,Barrows,Get a unique from Barrows,Hard,https://www.runescape.com/img/rsp777/game_icon_barrowschests.png?2
47,Barrows,Get a unique from Barrows,Hard,https://www.runescape.com/img/rsp777/game_icon_barrowschests.png?2
48,Barrows,Get a unique from Barrows,Hard,https://www.runescape.com/img/rsp777/game_icon_barrowschests.png?2
49,Barrows,Get a unique from Barrows,Hard,https://www.runescape.com/img/rsp777/game_icon_barrowschests.png?2
50,Barrows,Get a unique from Barrows,Hard,https://www.runescape.com/img/rsp777/game_icon_barrowschests.png?2
51,Barrows,Get a unique from Barrows,Hard,https://www.runescape.com/img/rsp777/game_icon_barrowschests.png?2
52,Barrows,Get a unique from Barrows,Hard,https://www.runescape.com/img/rsp777/game_icon_barrowschests.png?2
53,Barrows,Get a unique from Barrows,Hard,https://www.runescape.com/img/rsp777/game_icon_barrowschests.png?2
54,Barrows,Get a unique from Barrows,Hard,https://www.runescape.com/img/rsp777/game_icon_barrowschests.png?2
55,Bryophyta,Get a unique from Bryophyta,Easy,https://www.runescape.com/img/rsp777/game_icon_bryophyta.png?2
56,Callisto/Artio,Get a unique from Callisto or Artio,Hard,https://www.runescape.com/img/rsp777/game_icon_artio.png?2
57,Callisto/Artio,Get a unique from Callisto or Artio,Hard,https://www.runescape.com/img/rsp777/game_icon_artio.png?2
58,Callisto/Artio,Get a unique from Callisto or Artio,Hard,https://www.runescape.com/img/rsp777/game_icon_artio.png?2
59,Callisto/Artio,Get a unique from Callisto or Artio,Hard,https://www.runescape.com/img/rsp777/game_icon_artio.png?2
60,Callisto/Artio,Get a unique from Callisto or Artio,Hard,https://www.runescape.com/img/rsp777/game_icon_artio.png?2
61,Cerberus,Get a unique from Cerberus,Elite,https://www.runescape.com/img/rsp777/game_icon_cerberus.png?2
62,Cerberus,Get a unique from Cerberus,Elite,https://www.runescape.com/img/rsp777/game_icon_cerberus.png?2
63,Cerberus,Get a unique from Cerberus,Master,https://www.runescape.com/img/rsp777/game_icon_cerberus.png?2
64,Cerberus,Get a unique from Cerberus,Master,https://www.runescape.com/img/rsp777/game_icon_cerberus.png?2
65,Cerberus,Get a unique from Cerberus,Master,https://www.runescape.com/img/rsp777/game_icon_cerberus.png?2
66,Chaos Elemental,Get a unique from the Chaos Elemental,Medium,https://www.runescape.com/img/rsp777/game_icon_chaoselemental.png?2
67,Chaos Elemental,Get a unique from the Chaos Elemental,Hard,https://www.runescape.com/img/rsp777/game_icon_chaoselemental.png?2
68,Chaos Fanatic,Get a unique from the Chaos Fanatic,Medium,https://www.runescape.com/img/rsp777/game_icon_chaosfanatic.png?2
69,Chaos Fanatic,Get a unique from the Chaos Fanatic,Medium,https://www.runescape.com/img/rsp777/game_icon_chaosfanatic.png?2
70,Commander Zilyana,Get a unique from Commander Zilyana,Elite,https://www.runescape.com/img/rsp777/game_icon_commanderzilyana.png?2
71,Commander Zilyana,Get a unique from Commander Zilyana,Elite,https://www.runescape.com/img/rsp777/game_icon_commanderzilyana.png?2
72,Commander Zilyana,Get a unique from Commander Zilyana,Master,https://www.runescape.com/img/rsp777/game_icon_commanderzilyana.png?2
73,Commander Zilyana,Get a unique from Commander Zilyana,Master,https://www.runescape.com/img/rsp777/game_icon_commanderzilyana.png?2
74,Godsword Shard,Get a Godsword Shard,Elite,https://oldschool.runescape.wiki/images/Godsword_blade.png?fc2ef
75,Godsword Shard,Get a Godsword Shard,Elite,https://oldschool.runescape.wiki/images/Godsword_blade.png?fc2ef
76,Godsword Shard,Get a Godsword Shard,Elite,https://oldschool.runescape.wiki/images/Godsword_blade.png?fc2ef
77,Corporeal Beast,Get a unique from the Corporeal Beast,Master,https://www.runescape.com/img/rsp777/game_icon_corporealbeast.png?2
78,Corporeal Beast,Get a unique from the Corporeal Beast,Master,https://www.runescape.com/img/rsp777/game_icon_corporealbeast.png?2
79,Corporeal Beast,Get a unique from the Corporeal Beast,Master,https://www.runescape.com/img/rsp777/game_icon_corporealbeast.png?2
80,Corporeal Beast,Get a unique from the Corporeal Beast,Master,https://www.runescape.com/img/rsp777/game_icon_corporealbeast.png?2
81,Corporeal Beast,Get a unique from the Corporeal Beast,Master,https://www.runescape.com/img/rsp777/game_icon_corporealbeast.png?2
82,Corporeal Beast,Get a unique from the Corporeal Beast,Master,https://www.runescape.com/img/rsp777/game_icon_corporealbeast.png?2
83,Crazy Archaeologist,Get a unique from the Crazy Archaeologist,Medium,https://www.runescape.com/img/rsp777/game_icon_crazyarchaeologist.png?2
84,Crazy Archaeologist,Get a unique from the Crazy Archaeologist,Medium,https://www.runescape.com/img/rsp777/game_icon_crazyarchaeologist.png?2
85,Crazy Archaeologist,Get a unique from the Crazy Archaeologist,Medium,https://www.runescape.com/img/rsp777/game_icon_crazyarchaeologist.png?2
86,Dagannoth Kings,Get a unique from the Dagannoth Kings,Hard,https://www.runescape.com/img/rsp777/game_icon_dagannothprime.png?2
87,Dagannoth Kings,Get a unique from the Dagannoth Kings,Hard,https://www.runescape.com/img/rsp777/game_icon_dagannothprime.png?2
88,Dagannoth Kings,Get a unique from the Dagannoth Kings,Hard,https://www.runescape.com/img/rsp777/game_icon_dagannothprime.png?2
89,Dagannoth Kings,Get a unique from the Dagannoth Kings,Hard,https://www.runescape.com/img/rsp777/game_icon_dagannothprime.png?2
90,Dagannoth Kings,Get a unique from the Dagannoth Kings,Hard,https://www.runescape.com/img/rsp777/game_icon_dagannothprime.png?2
91,Dagannoth Kings,Get a unique from the Dagannoth Kings,Hard,https://www.runescape.com/img/rsp777/game_icon_dagannothprime.png?2
92,Dagannoth Kings,Get a unique from the Dagannoth Kings,Hard,https://www.runescape.com/img/rsp777/game_icon_dagannothprime.png?2
93,Deranged Archaeologist,Get a unique from the Deranged Archaeologist,Medium,https://www.runescape.com/img/rsp777/game_icon_derangedarchaeologist.png?2
94,Doom of Mokhaiotl,Get a unique from the Doom of Mokhaiotl,Master,https://www.runescape.com/img/rsp777/game_icon_doomofmokhaiotl.png?2
95,Doom of Mokhaiotl,Get a unique from the Doom of Mokhaiotl,Master,https://www.runescape.com/img/rsp777/game_icon_doomofmokhaiotl.png?2
96,Doom of Mokhaiotl,Get a unique from the Doom of Mokhaiotl,Master,https://www.runescape.com/img/rsp777/game_icon_doomofmokhaiotl.png?2
97,Doom of Mokhaiotl,Get a unique from the Doom of Mokhaiotl,Master,https://www.runescape.com/img/rsp777/game_icon_doomofmokhaiotl.png?2
98,Doom of Mokhaiotl,Get a unique from the Doom of Mokhaiotl,Master,https://www.runescape.com/img/rsp777/game_icon_doomofmokhaiotl.png?2
99,Duke Sucellus,Get a unique from the Duke Sucellus,Elite,https://www.runescape.com/img/rsp777/game_icon_dukesucellus.png?2
100,Duke Sucellus,Get a unique from the Duke Sucellus,Elite,https://www.runescape.com/img/rsp777/game_icon_dukesucellus.png?2
101,Duke Sucellus,Get a unique from the Duke Sucellus,Elite,https://www.runescape.com/img/rsp777/game_icon_dukesucellus.png?2
102,Duke Sucellus,Get a unique from the Duke Sucellus,Elite,https://www.runescape.com/img/rsp777/game_icon_dukesucellus.png?2
103,DT2 Bosses,Get a shared unique from a DT2 Boss,Elite,https://oldschool.runescape.wiki/images/Ancient_signet.png?0b6b6
104,DT2 Bosses,Get a shared unique from a DT2 Boss,Elite,https://oldschool.runescape.wiki/images/Ancient_signet.png?0b6b6
105,DT2 Bosses,Get a shared unique from a DT2 Boss,Elite,https://oldschool.runescape.wiki/images/Ancient_signet.png?0b6b6
106,DT2 Bosses,Get a shared unique from a DT2 Boss,Elite,https://oldschool.runescape.wiki/images/Ancient_signet.png?0b6b6
107,DT2 Bosses,Get a shared unique from a DT2 Boss,Elite,https://oldschool.runescape.wiki/images/Ancient_signet.png?0b6b6
108,Fire Cape,Obtain a Fire Cape,Hard,https://oldschool.runescape.wiki/images/Fire_cape.png?5abba
109,Fortis Colosseum,Get a unique from the Fortis Colosseum,Elite,https://www.runescape.com/img/rsp777/game_icon_solheredit.png?2
110,Fortis Colosseum,Get a unique from the Fortis Colosseum,Master,https://www.runescape.com/img/rsp777/game_icon_solheredit.png?2
111,Fortis Colosseum,Get a unique from the Fortis Colosseum,Master,https://www.runescape.com/img/rsp777/game_icon_solheredit.png?2
112,Fortis Colosseum,Get a unique from the Fortis Colosseum,Master,https://www.runescape.com/img/rsp777/game_icon_solheredit.png?2
113,Fortis Colosseum,Get a unique from the Fortis Colosseum,Master,https://www.runescape.com/img/rsp777/game_icon_solheredit.png?2
114,Fortis Colosseum,Get a unique from the Fortis Colosseum,Master,https://www.runescape.com/img/rsp777/game_icon_solheredit.png?2
115,Fortis Colosseum,Get a unique from the Fortis Colosseum,Master,https://www.runescape.com/img/rsp777/game_icon_solheredit.png?2
116,Fortis Colosseum,Get a unique from the Fortis Colosseum,Master,https://www.runescape.com/img/rsp777/game_icon_solheredit.png?2
117,The Gauntlet,Get a unique from The Gauntlet,Elite,https://www.runescape.com/img/rsp777/game_icon_thecorruptedgauntlet.png?2
118,The Gauntlet,Get a unique from The Gauntlet,Elite,https://www.runescape.com/img/rsp777/game_icon_thecorruptedgauntlet.png?2
119,The Gauntlet,Get a unique from The Gauntlet,Elite,https://www.runescape.com/img/rsp777/game_icon_thecorruptedgauntlet.png?2
120,The Gauntlet,Get a unique from The Gauntlet,Elite,https://www.runescape.com/img/rsp777/game_icon_thecorruptedgauntlet.png?2
121,General Graardor,Get a unique from General Graardor,Elite,https://www.runescape.com/img/rsp777/game_icon_generalgraardor.png?2
122,General Graardor,Get a unique from General Graardor,Elite,https://www.runescape.com/img/rsp777/game_icon_generalgraardor.png?2
123,General Graardor,Get a unique from General Graardor,Elite,https://www.runescape.com/img/rsp777/game_icon_generalgraardor.png?2
124,General Graardor,Get a unique from General Graardor,Elite,https://www.runescape.com/img/rsp777/game_icon_generalgraardor.png?2
125,Giant Mole,Get two uniques from the Giant Mole,Easy,https://www.runescape.com/img/rsp777/game_icon_giantmole.png?2
126,Grotesque Guardians,Get a unique from the Grotesque Guardians,Elite,https://www.runescape.com/img/rsp777/game_icon_grotesqueguardians.png?2
127,Grotesque Guardians,Get a unique from the Grotesque Guardians,Elite,https://www.runescape.com/img/rsp777/game_icon_grotesqueguardians.png?2
128,Grotesque Guardians,Get a unique from the Grotesque Guardians,Elite,https://www.runescape.com/img/rsp777/game_icon_grotesqueguardians.png?2
129,Grotesque Guardians,Get a unique from the Grotesque Guardians,Elite,https://www.runescape.com/img/rsp777/game_icon_grotesqueguardians.png?2
130,Grotesque Guardians,Get a unique from the Grotesque Guardians,Elite,https://www.runescape.com/img/rsp777/game_icon_grotesqueguardians.png?2
131,Grotesque Guardians,Get a unique from the Grotesque Guardians,Elite,https://www.runescape.com/img/rsp777/game_icon_grotesqueguardians.png?2
132,Hespori,Get a unique from Hespori,Medium,https://www.runescape.com/img/rsp777/game_icon_hespori.png?2
133,Hespori,Get a unique from Hespori,Medium,https://www.runescape.com/img/rsp777/game_icon_hespori.png?2
134,Hespori,Get a unique from Hespori,Medium,https://www.runescape.com/img/rsp777/game_icon_hespori.png?2
135,Hespori,Get a unique from Hespori,Medium,https://www.runescape.com/img/rsp777/game_icon_hespori.png?2
136,The Hueycoatl,Get a unique from The Hueycoatl,Medium,https://www.runescape.com/img/rsp777/game_icon_thehueycoatl.png?2
137,The Hueycoatl,Get a unique from The Hueycoatl,Medium,https://www.runescape.com/img/rsp777/game_icon_thehueycoatl.png?2
138,The Hueycoatl,Get a unique from The Hueycoatl,Medium,https://www.runescape.com/img/rsp777/game_icon_thehueycoatl.png?2
139,The Hueycoatl,Get a unique from The Hueycoatl,Medium,https://www.runescape.com/img/rsp777/game_icon_thehueycoatl.png?2
140,The Hueycoatl,Get a unique from The Hueycoatl,Medium,https://www.runescape.com/img/rsp777/game_icon_thehueycoatl.png?2
141,Inferno Cape,Obtain an Infernal Cape,Master,https://oldschool.runescape.wiki/images/Infernal_cape.png?80b36
142,Kalphite Queen,Get a unique from the Kalphite Queen,Elite,https://www.runescape.com/img/rsp777/game_icon_kalphitequeen.png?2
143,Kalphite Queen,Get a unique from the Kalphite Queen,Elite,https://www.runescape.com/img/rsp777/game_icon_kalphitequeen.png?2
144,Kalphite Queen,Get a unique from the Kalphite Queen,Elite,https://www.runescape.com/img/rsp777/game_icon_kalphitequeen.png?2
145,Kalphite Queen,Get a unique from the Kalphite Queen,Elite,https://www.runescape.com/img/rsp777/game_icon_kalphitequeen.png?2
146,Kalphite Queen,Get a unique from the Kalphite Queen,Elite,https://www.runescape.com/img/rsp777/game_icon_kalphitequeen.png?2
147,King Black Dragon,Get a unique from the King Black Dragon,Hard,https://www.runescape.com/img/rsp777/game_icon_kingblackdragon.png?2
148,King Black Dragon,Get a unique from the King Black Dragon,Hard,https://www.runescape.com/img/rsp777/game_icon_kingblackdragon.png?2
149,Kraken,Get a unique from the Kraken,Elite,https://www.runescape.com/img/rsp777/game_icon_kraken.png?2
150,Kraken,Get a unique from the Kraken,Elite,https://www.runescape.com/img/rsp777/game_icon_kraken.png?2
151,Kraken,Get a unique from the Kraken,Elite,https://www.runescape.com/img/rsp777/game_icon_kraken.png?2
152,Kree'arra,Get a unique from Kree'arra,Elite,https://www.runescape.com/img/rsp777/game_icon_kreearra.png?2
153,Kree'arra,Get a unique from Kree'arra,Elite,https://www.runescape.com/img/rsp777/game_icon_kreearra.png?2
154,Kree'arra,Get a unique from Kree'arra,Elite,https://www.runescape.com/img/rsp777/game_icon_kreearra.png?2
155,Kree'arra,Get a unique from Kree'arra,Elite,https://www.runescape.com/img/rsp777/game_icon_kreearra.png?2
156,K'ril Tsutsaroth,Get a unique from K'ril Tsutsaroth,Elite,https://www.runescape.com/img/rsp777/game_icon_kriltsutsaroth.png?2
157,K'ril Tsutsaroth,Get a unique from K'ril Tsutsaroth,Elite,https://www.runescape.com/img/rsp777/game_icon_kriltsutsaroth.png?2
158,K'ril Tsutsaroth,Get a unique from K'ril Tsutsaroth,Elite,https://www.runescape.com/img/rsp777/game_icon_kriltsutsaroth.png?2
159,K'ril Tsutsaroth,Get a unique from K'ril Tsutsaroth,Elite,https://www.runescape.com/img/rsp777/game_icon_kriltsutsaroth.png?2
160,The Leviathan,Get a unique from The Leviathan,Master,https://www.runescape.com/img/rsp777/game_icon_theleviathan.png?2
161,The Leviathan,Get a unique from The Leviathan,Master,https://www.runescape.com/img/rsp777/game_icon_theleviathan.png?2
162,The Leviathan,Get a unique from The Leviathan,Master,https://www.runescape.com/img/rsp777/game_icon_theleviathan.png?2
163,The Leviathan,Get a unique from The Leviathan,Master,https://www.runescape.com/img/rsp777/game_icon_theleviathan.png?2
164,Moons of Peril,Get a unique from the Moons of Peril,Medium,https://www.runescape.com/img/rsp777/game_icon_lunarchests.png?2
165,Moons of Peril,Get a unique from the Moons of Peril,Hard,https://www.runescape.com/img/rsp777/game_icon_lunarchests.png?2
166,Moons of Peril,Get a unique from the Moons of Peril,Hard,https://www.runescape.com/img/rsp777/game_icon_lunarchests.png?2
167,Moons of Peril,Get a unique from the Moons of Peril,Hard,https://www.runescape.com/img/rsp777/game_icon_lunarchests.png?2
168,Moons of Peril,Get a unique from the Moons of Peril,Hard,https://www.runescape.com/img/rsp777/game_icon_lunarchests.png?2
169,Moons of Peril,Get a unique from the Moons of Peril,Hard,https://www.runescape.com/img/rsp777/game_icon_lunarchests.png?2
170,Moons of Peril,Get a unique from the Moons of Peril,Hard,https://www.runescape.com/img/rsp777/game_icon_lunarchests.png?2
171,Moons of Peril,Get a unique from the Moons of Peril,Hard,https://www.runescape.com/img/rsp777/game_icon_lunarchests.png?2
172,Moons of Peril,Get a unique from the Moons of Peril,Hard,https://www.runescape.com/img/rsp777/game_icon_lunarchests.png?2
173,Moons of Peril,Get a unique from the Moons of Peril,Hard,https://www.runescape.com/img/rsp777/game_icon_lunarchests.png?2
174,Moons of Peril,Get a unique from the Moons of Peril,Hard,https://www.runescape.com/img/rsp777/game_icon_lunarchests.png?2
175,Moons of Peril,Get a unique from the Moons of Peril,Hard,https://www.runescape.com/img/rsp777/game_icon_lunarchests.png?2
176,Moons of Peril,Get a unique from the Moons of Peril,Hard,https://www.runescape.com/img/rsp777/game_icon_lunarchests.png?2
177,Nex,Get a unique from Nex,Master,https://www.runescape.com/img/rsp777/game_icon_nex.png?2
178,Nex,Get a unique from Nex,Master,https://www.runescape.com/img/rsp777/game_icon_nex.png?2
179,Nex,Get a unique from Nex,Master,https://www.runescape.com/img/rsp777/game_icon_nex.png?2
180,Nex,Get a unique from Nex,Master,https://www.runescape.com/img/rsp777/game_icon_nex.png?2
181,Nex,Get a unique from Nex,Master,https://www.runescape.com/img/rsp777/game_icon_nex.png?2
182,Nex,Get a unique from Nex,Master,https://www.runescape.com/img/rsp777/game_icon_nex.png?2
183,Nex,Get a unique from Nex,Master,https://www.runescape.com/img/rsp777/game_icon_nex.png?2
184,The Nightmare,Get a unique from The Nightmare,Master,https://www.runescape.com/img/rsp777/game_icon_nightmare.png?2
185,The Nightmare,Get a unique from The Nightmare,Master,https://www.runescape.com/img/rsp777/game_icon_nightmare.png?2
186,The Nightmare,Get a unique from The Nightmare,Master,https://www.runescape.com/img/rsp777/game_icon_nightmare.png?2
187,The Nightmare,Get a unique from The Nightmare,Master,https://www.runescape.com/img/rsp777/game_icon_nightmare.png?2
188,The Nightmare,Get a unique from The Nightmare,Master,https://www.runescape.com/img/rsp777/game_icon_nightmare.png?2
189,The Nightmare,Get a unique from The Nightmare,Master,https://www.runescape.com/img/rsp777/game_icon_nightmare.png?2
190,The Nightmare,Get a unique from The Nightmare,Master,https://www.runescape.com/img/rsp777/game_icon_nightmare.png?2
191,The Nightmare,Get a unique from The Nightmare,Master,https://www.runescape.com/img/rsp777/game_icon_nightmare.png?2
192,The Nightmare,Get a unique from The Nightmare,Master,https://www.runescape.com/img/rsp777/game_icon_nightmare.png?2
193,The Nightmare,Get a unique from The Nightmare,Master,https://www.runescape.com/img/rsp777/game_icon_nightmare.png?2
194,The Nightmare,Get a unique from The Nightmare,Master,https://www.runescape.com/img/rsp777/game_icon_nightmare.png?2
195,Obor,Get a unique from Obor,Medium,https://www.runescape.com/img/rsp777/game_icon_obor.png?2
196,Phantom Muspah,Get a unique from the Phantom Muspah,Hard,https://www.runescape.com/img/rsp777/game_icon_phantommuspah.png?2
197,Phantom Muspah,Get a unique from the Phantom Muspah,Elite,https://www.runescape.com/img/rsp777/game_icon_phantommuspah.png?2
198,Phantom Muspah,Get a unique from the Phantom Muspah,Elite,https://www.runescape.com/img/rsp777/game_icon_phantommuspah.png?2
199,Phantom Muspah,Get a unique from the Phantom Muspah,Elite,https://www.runescape.com/img/rsp777/game_icon_phantommuspah.png?2
200,Phantom Muspah,Get a unique from the Phantom Muspah,Elite,https://www.runescape.com/img/rsp777/game_icon_phantommuspah.png?2
201,Royal Titans,Get a unique from the Royal Titans,Medium,https://www.runescape.com/img/rsp777/game_icon_theroyaltitans.png?2
202,Royal Titans,Get a unique from the Royal Titans,Hard,https://www.runescape.com/img/rsp777/game_icon_theroyaltitans.png?2
203,Royal Titans,Get a unique from the Royal Titans,Hard,https://www.runescape.com/img/rsp777/game_icon_theroyaltitans.png?2
204,Royal Titans,Get a unique from the Royal Titans,Hard,https://www.runescape.com/img/rsp777/game_icon_theroyaltitans.png?2
205,Royal Titans,Get a unique from the Royal Titans,Hard,https://www.runescape.com/img/rsp777/game_icon_theroyaltitans.png?2
206,Royal Titans,Get a unique from the Royal Titans,Medium,https://www.runescape.com/img/rsp777/game_icon_theroyaltitans.png?2
207,Sarachnis,Get a unique from Sarachnis,Medium,https://www.runescape.com/img/rsp777/game_icon_sarachnis.png?2
208,Sarachnis,Get a unique from Sarachnis,Hard,https://www.runescape.com/img/rsp777/game_icon_sarachnis.png?2
209,Sarachnis,Get a unique from Sarachnis,Hard,https://www.runescape.com/img/rsp777/game_icon_sarachnis.png?2
210,Scorpia,Get a unique from Scorpia,Hard,https://www.runescape.com/img/rsp777/game_icon_scorpia.png?2
211,Scorpia,Get a unique from Scorpia,Hard,https://www.runescape.com/img/rsp777/game_icon_scorpia.png?2
212,Scorpia,Get a unique from Scorpia,Hard,https://www.runescape.com/img/rsp777/game_icon_scorpia.png?2
213,Scurrius,Get a unique from Scurrius,Easy,https://www.runescape.com/img/rsp777/game_icon_scurrius.png?2
214,Skotizo,Get a unique from Skotizo,Medium,https://www.runescape.com/img/rsp777/game_icon_skotizo.png?2
215,Skotizo,Get a unique from Skotizo,Hard,https://www.runescape.com/img/rsp777/game_icon_skotizo.png?2
216,Skotizo,Get a unique from Skotizo,Hard,https://www.runescape.com/img/rsp777/game_icon_skotizo.png?2
217,Skotizo,Get a unique from Skotizo,Hard,https://www.runescape.com/img/rsp777/game_icon_skotizo.png?2
218,Tempoross,Get a unique from Tempoross,Beginner,https://www.runescape.com/img/rsp777/game_icon_tempoross.png?2
219,Tempoross,Get a unique from Tempoross,Beginner,https://www.runescape.com/img/rsp777/game_icon_tempoross.png?2
220,Tempoross,Get a unique from Tempoross,Easy,https://www.runescape.com/img/rsp777/game_icon_tempoross.png?2
221,Tempoross,Get a unique from Tempoross,Easy,https://www.runescape.com/img/rsp777/game_icon_tempoross.png?2
222,Tempoross,Get a unique from Tempoross,Easy,https://www.runescape.com/img/rsp777/game_icon_tempoross.png?2
223,Tempoross,Get a unique from Tempoross,Easy,https://www.runescape.com/img/rsp777/game_icon_tempoross.png?2
224,Tempoross,Get a unique from Tempoross,Medium,https://www.runescape.com/img/rsp777/game_icon_tempoross.png?2
225,Tempoross,Get a unique from Tempoross,Medium,https://www.runescape.com/img/rsp777/game_icon_tempoross.png?2
226,Tempoross,Get a unique from Tempoross,Medium,https://www.runescape.com/img/rsp777/game_icon_tempoross.png?2
227,Tempoross,Get a unique from Tempoross,Hard,https://www.runescape.com/img/rsp777/game_icon_tempoross.png?2
228,Tempoross,Get a unique from Tempoross,Hard,https://www.runescape.com/img/rsp777/game_icon_tempoross.png?2
229,Thermonuclear smoke devil,Get a unique from the Thermonuclear smoke devil,Master,https://www.runescape.com/img/rsp777/game_icon_thermonuclearsmokedevil.png?2
230,Thermonuclear smoke devil,Get a unique from the Thermonuclear smoke devil,Master,https://www.runescape.com/img/rsp777/game_icon_thermonuclearsmokedevil.png?2
231,Thermonuclear smoke devil,Get a unique from the Thermonuclear smoke devil,Master,https://www.runescape.com/img/rsp777/game_icon_thermonuclearsmokedevil.png?2
232,Thermonuclear smoke devil,Get a unique from the Thermonuclear smoke devil,Master,https://www.runescape.com/img/rsp777/game_icon_thermonuclearsmokedevil.png?2
233,Vardorvis,Get a unique from Vardorvis,Master,https://www.runescape.com/img/rsp777/game_icon_vardorvis.png?2
234,Vardorvis,Get a unique from Vardorvis,Master,https://www.runescape.com/img/rsp777/game_icon_vardorvis.png?2
235,Vardorvis,Get a unique from Vardorvis,Master,https://www.runescape.com/img/rsp777/game_icon_vardorvis.png?2
236,Vardorvis,Get a unique from Vardorvis,Master,https://www.runescape.com/img/rsp777/game_icon_vardorvis.png?2
237,Venenatis/Spindel,Get a unique from Venenatis or Spindel,Hard,https://www.runescape.com/img/rsp777/game_icon_venenatis.png?2
238,Venenatis/Spindel,Get a unique from Venenatis or Spindel,Hard,https://www.runescape.com/img/rsp777/game_icon_venenatis.png?2
239,Venenatis/Spindel,Get a unique from Venenatis or Spindel,Hard,https://www.runescape.com/img/rsp777/game_icon_venenatis.png?2
240,Venenatis/Spindel,Get a unique from Venenatis or Spindel,Hard,https://www.runescape.com/img/rsp777/game_icon_venenatis.png?2
241,Venenatis/Spindel,Get a unique from Venenatis or Spindel,Hard,https://www.runescape.com/img/rsp777/game_icon_venenatis.png?2
242,Vet'ion/Calvar'ion,Get a unique from Vet'ion or Calvar'ion,Hard,https://www.runescape.com/img/rsp777/game_icon_vetion.png?2
243,Vet'ion/Calvar'ion,Get a unique from Vet'ion or Calvar'ion,Hard,https://www.runescape.com/img/rsp777/game_icon_vetion.png?2
244,Vet'ion/Calvar'ion,Get a unique from Vet'ion or Calvar'ion,Hard,https://www.runescape.com/img/rsp777/game_icon_vetion.png?2
245,Vet'ion/Calvar'ion,Get a unique from Vet'ion or Calvar'ion,Hard,https://www.runescape.com/img/rsp777/game_icon_vetion.png?2
246,Vet'ion/Calvar'ion,Get a unique from Vet'ion or Calvar'ion,Hard,https://www.runescape.com/img/rsp777/game_icon_vetion.png?2
247,Vorkath,Get a unique from Vorkath,Hard,https://www.runescape.com/img/rsp777/game_icon_vorkath.png?2
248,Vorkath,Get a unique from Vorkath,Hard,https://www.runescape.com/img/rsp777/game_icon_vorkath.png?2
249,Vorkath,Get a unique from Vorkath,Hard,https://www.runescape.com/img/rsp777/game_icon_vorkath.png?2
250,Vorkath,Get a unique from Vorkath,Hard,https://www.runescape.com/img/rsp777/game_icon_vorkath.png?2
251,The Whisperer,Get a unique from The Whisperer,Master,https://www.runescape.com/img/rsp777/game_icon_thewhisperer.png?2
252,The Whisperer,Get a unique from The Whisperer,Master,https://www.runescape.com/img/rsp777/game_icon_thewhisperer.png?2
253,The Whisperer,Get a unique from The Whisperer,Master,https://www.runescape.com/img/rsp777/game_icon_thewhisperer.png?2
254,The Whisperer,Get a unique from The Whisperer,Master,https://www.runescape.com/img/rsp777/game_icon_thewhisperer.png?2
255,Wintertodt,Get a unique from Wintertodt,Beginner,https://www.runescape.com/img/rsp777/game_icon_wintertodt.png?2
256,Wintertodt,Get a unique from Wintertodt,Beginner,https://www.runescape.com/img/rsp777/game_icon_wintertodt.png?2
257,Wintertodt,Get a unique from Wintertodt,Easy,https://www.runescape.com/img/rsp777/game_icon_wintertodt.png?2
258,Wintertodt,Get a unique from Wintertodt,Easy,https://www.runescape.com/img/rsp777/game_icon_wintertodt.png?2
259,Wintertodt,Get a unique from Wintertodt,Easy,https://www.runescape.com/img/rsp777/game_icon_wintertodt.png?2
260,Wintertodt,Get a unique from Wintertodt,Easy,https://www.runescape.com/img/rsp777/game_icon_wintertodt.png?2
261,Wintertodt,Get a unique from Wintertodt,Medium,https://www.runescape.com/img/rsp777/game_icon_wintertodt.png?2
262,Wintertodt,Get a unique from Wintertodt,Medium,https://www.runescape.com/img/rsp777/game_icon_wintertodt.png?2
263,Wintertodt,Get a unique from Wintertodt,Hard,https://www.runescape.com/img/rsp777/game_icon_wintertodt.png?2
264,Yama,Get a unique from Yama,Master,https://www.runescape.com/img/rsp777/game_icon_yama.png?2
265,Yama,Get a unique from Yama,Master,https://www.runescape.com/img/rsp777/game_icon_yama.png?2
266,Yama,Get a unique from Yama,Master,https://www.runescape.com/img/rsp777/game_icon_yama.png?2
267,Yama,Get a unique from Yama,Master,https://www.runescape.com/img/rsp777/game_icon_yama.png?2
268,Yama,Get a unique from Yama,Master,https://www.runescape.com/img/rsp777/game_icon_yama.png?2
269,Yama,Get a unique from Yama,Master,https://www.runescape.com/img/rsp777/game_icon_yama.png?2
270,Yama,Get a unique from Yama,Master,https://www.runescape.com/img/rsp777/game_icon_yama.png?2
271,Yama,Get a unique from Yama,Master,https://www.runescape.com/img/rsp777/game_icon_yama.png?2
272,Yama,Get a unique from Yama,Master,https://www.runescape.com/img/rsp777/game_icon_yama.png?2
273,Yama,Get a unique from Yama,Master,https://www.runescape.com/img/rsp777/game_icon_yama.png?2
274,Zalcano,Get a unique from Zalcano,Elite,https://www.runescape.com/img/rsp777/game_icon_zalcano.png?2
275,Zalcano,Get a unique from Zalcano,Elite,https://www.runescape.com/img/rsp777/game_icon_zalcano.png?2
276,Zulrah,Get a unique from Zulrah,Elite,https://www.runescape.com/img/rsp777/game_icon_zulrah.png?2
277,Zulrah,Get a unique from Zulrah,Elite,https://www.runescape.com/img/rsp777/game_icon_zulrah.png?2
278,Zulrah,Get a unique from Zulrah,Elite,https://www.runescape.com/img/rsp777/game_icon_zulrah.png?2
279,Zulrah,Get a unique from Zulrah,Elite,https://www.runescape.com/img/rsp777/game_icon_zulrah.png?2
280,Zulrah,Get a unique from Zulrah,Elite,https://www.runescape.com/img/rsp777/game_icon_zulrah.png?2
281,Zulrah,Get a unique from Zulrah,Elite,https://www.runescape.com/img/rsp777/game_icon_zulrah.png?2
282,Zulrah,Get a unique from Zulrah,Elite,https://www.runescape.com/img/rsp777/game_icon_zulrah.png?2
283,Zulrah,Get a unique from Zulrah,Elite,https://www.runescape.com/img/rsp777/game_icon_zulrah.png?2
284,Chambers of Xeric,Get a unique from the Chambers of Xeric,Master,https://www.runescape.com/img/rsp777/game_icon_chambersofxeric.png?2
285,Chambers of Xeric,Get a unique from the Chambers of Xeric,Master,https://www.runescape.com/img/rsp777/game_icon_chambersofxeric.png?2
286,Chambers of Xeric,Get a unique from the Chambers of Xeric,Master,https://www.runescape.com/img/rsp777/game_icon_chambersofxeric.png?2
287,Chambers of Xeric,Get a unique from the Chambers of Xeric,Master,https://www.runescape.com/img/rsp777/game_icon_chambersofxeric.png?2
288,Chambers of Xeric,Get a unique from the Chambers of Xeric,Master,https://www.runescape.com/img/rsp777/game_icon_chambersofxeric.png?2
289,Chambers of Xeric,Get a unique from the Chambers of Xeric,Master,https://www.runescape.com/img/rsp777/game_icon_chambersofxeric.png?2
290,Chambers of Xeric,Get a unique from the Chambers of Xeric,Master,https://www.runescape.com/img/rsp777/game_icon_chambersofxeric.png?2
291,Chambers of Xeric,Get a unique from the Chambers of Xeric,Master,https://www.runescape.com/img/rsp777/game_icon_chambersofxeric.png?2
292,Chambers of Xeric,Get a unique from the Chambers of Xeric,Master,https://www.runescape.com/img/rsp777/game_icon_chambersofxeric.png?2
293,Chambers of Xeric,Get a unique from the Chambers of Xeric,Master,https://www.runescape.com/img/rsp777/game_icon_chambersofxeric.png?2
294,Chambers of Xeric,Get a unique from the Chambers of Xeric,Master,https://www.runescape.com/img/rsp777/game_icon_chambersofxeric.png?2
295,Chambers of Xeric,Get a unique from the Chambers of Xeric,Master,https://www.runescape.com/img/rsp777/game_icon_chambersofxeric.png?2
296,Chambers of Xeric,Get a unique from the Chambers of Xeric,Master,https://www.runescape.com/img/rsp777/game_icon_chambersofxeric.png?2
297,Chambers of Xeric,Get a unique from the Chambers of Xeric,Master,https://www.runescape.com/img/rsp777/game_icon_chambersofxeric.png?2
298,Chambers of Xeric,Get a unique from the Chambers of Xeric,Master,https://www.runescape.com/img/rsp777/game_icon_chambersofxeric.png?2
299,Chambers of Xeric,Get a unique from the Chambers of Xeric,Master,https://www.runescape.com/img/rsp777/game_icon_chambersofxeric.png?2
300,Chambers of Xeric,Get a unique from the Chambers of Xeric,Master,https://www.runescape.com/img/rsp777/game_icon_chambersofxeric.png?2
301,Chambers of Xeric,Get a unique from the Chambers of Xeric,Master,https://www.runescape.com/img/rsp777/game_icon_chambersofxeric.png?2
302,Chambers of Xeric,Get a unique from the Chambers of Xeric,Master,https://www.runescape.com/img/rsp777/game_icon_chambersofxeric.png?2
303,Chambers of Xeric,Get a unique from the Chambers of Xeric,Master,https://www.runescape.com/img/rsp777/game_icon_chambersofxeric.png?2
304,Chambers of Xeric,Get a unique from the Chambers of Xeric,Master,https://www.runescape.com/img/rsp777/game_icon_chambersofxeric.png?2
305,Chambers of Xeric,Get a unique from the Chambers of Xeric,Master,https://www.runescape.com/img/rsp777/game_icon_chambersofxeric.png?2
306,Theatre of Blood,Get a unique from the Theatre of Blood,Master,https://www.runescape.com/img/rsp777/game_icon_theatreofblood.png?2
307,Theatre of Blood,Get a unique from the Theatre of Blood,Master,https://www.runescape.com/img/rsp777/game_icon_theatreofblood.png?2
308,Theatre of Blood,Get a unique from the Theatre of Blood,Master,https://www.runescape.com/img/rsp777/game_icon_theatreofblood.png?2
309,Theatre of Blood,Get a unique from the Theatre of Blood,Master,https://www.runescape.com/img/rsp777/game_icon_theatreofblood.png?2
310,Theatre of Blood,Get a unique from the Theatre of Blood,Master,https://www.runescape.com/img/rsp777/game_icon_theatreofblood.png?2
311,Theatre of Blood,Get a unique from the Theatre of Blood,Master,https://www.runescape.com/img/rsp777/game_icon_theatreofblood.png?2
312,Theatre of Blood,Get a unique from the Theatre of Blood,Master,https://www.runescape.com/img/rsp777/game_icon_theatreofblood.png?2
313,Theatre of Blood,Get a unique from the Theatre of Blood,Master,https://www.runescape.com/img/rsp777/game_icon_theatreofblood.png?2
314,Theatre of Blood,Get a unique from the Theatre of Blood,Master,https://www.runescape.com/img/rsp777/game_icon_theatreofblood.png?2
315,Theatre of Blood,Get a unique from the Theatre of Blood,Master,https://www.runescape.com/img/rsp777/game_icon_theatreofblood.png?2
316,Theatre of Blood,Get a unique from the Theatre of Blood,Master,https://www.runescape.com/img/rsp777/game_icon_theatreofblood.png?2
317,Theatre of Blood,Get a unique from the Theatre of Blood,Master,https://www.runescape.com/img/rsp777/game_icon_theatreofblood.png?2
318,Theatre of Blood,Get a unique from the Theatre of Blood,Master,https://www.runescape.com/img/rsp777/game_icon_theatreofblood.png?2
319,Theatre of Blood,Get a unique from the Theatre of Blood,Master,https://www.runescape.com/img/rsp777/game_icon_theatreofblood.png?2
320,Theatre of Blood,Get a unique from the Theatre of Blood,Master,https://www.runescape.com/img/rsp777/game_icon_theatreofblood.png?2
321,Theatre of Blood,Get a unique from the Theatre of Blood,Master,https://www.runescape.com/img/rsp777/game_icon_theatreofblood.png?2
322,Tombs of Amascut,Get a unique from the Tombs of Amascut,Elite,https://www.runescape.com/img/rsp777/game_icon_tombsofamascut.png?2
323,Tombs of Amascut,Get a unique from the Tombs of Amascut,Elite,https://www.runescape.com/img/rsp777/game_icon_tombsofamascut.png?2
324,Tombs of Amascut,Get a unique from the Tombs of Amascut,Elite,https://www.runescape.com/img/rsp777/game_icon_tombsofamascut.png?2
325,Tombs of Amascut,Get a unique from the Tombs of Amascut,Elite,https://www.runescape.com/img/rsp777/game_icon_tombsofamascut.png?2
326,Tombs of Amascut,Get a unique from the Tombs of Amascut,Elite,https://www.runescape.com/img/rsp777/game_icon_tombsofamascut.png?2
327,Tombs of Amascut,Get a unique from the Tombs of Amascut,Elite,https://www.runescape.com/img/rsp777/game_icon_tombsofamascut.png?2
328,Tombs of Amascut,Get a unique from the Tombs of Amascut,Master,https://www.runescape.com/img/rsp777/game_icon_tombsofamascut.png?2
329,Tombs of Amascut,Get a unique from the Tombs of Amascut,Master,https://www.runescape.com/img/rsp777/game_icon_tombsofamascut.png?2
330,Tombs of Amascut,Get a unique from the Tombs of Amascut,Master,https://www.runescape.com/img/rsp777/game_icon_tombsofamascut.png?2
331,Tombs of Amascut,Get a unique from the Tombs of Amascut,Master,https://www.runescape.com/img/rsp777/game_icon_tombsofamascut.png?2
332,Tombs of Amascut,Get a unique from the Tombs of Amascut,Master,https://www.runescape.com/img/rsp777/game_icon_tombsofamascut.png?2
333,Tombs of Amascut,Get a unique from the Tombs of Amascut,Master,https://www.runescape.com/img/rsp777/game_icon_tombsofamascut.png?2
334,Tombs of Amascut,Get a unique from the Tombs of Amascut,Master,https://www.runescape.com/img/rsp777/game_icon_tombsofamascut.png?2
335,Tombs of Amascut,Get a unique from the Tombs of Amascut,Master,https://www.runescape.com/img/rsp777/game_icon_tombsofamascut.png?2
336,Tombs of Amascut,Get a unique from the Tombs of Amascut,Master,https://www.runescape.com/img/rsp777/game_icon_tombsofamascut.png?2
337,Tombs of Amascut,Get a unique from the Tombs of Amascut,Master,https://www.runescape.com/img/rsp777/game_icon_tombsofamascut.png?2
338,Tombs of Amascut,Get a unique from the Tombs of Amascut,Master,https://www.runescape.com/img/rsp777/game_icon_tombsofamascut.png?2
339,Tombs of Amascut,Get a unique from the Tombs of Amascut,Master,https://www.runescape.com/img/rsp777/game_icon_tombsofamascut.png?2
340,Tombs of Amascut,Get a unique from the Tombs of Amascut,Master,https://www.runescape.com/img/rsp777/game_icon_tombsofamascut.png?2
341,Tombs of Amascut,Get a unique from the Tombs of Amascut,Master,https://www.runescape.com/img/rsp777/game_icon_tombsofamascut.png?2
342,Tombs of Amascut,Get a unique from the Tombs of Amascut,Master,https://www.runescape.com/img/rsp777/game_icon_tombsofamascut.png?2
343,Tombs of Amascut,Get a unique from the Tombs of Amascut,Master,https://www.runescape.com/img/rsp777/game_icon_tombsofamascut.png?2
344,Tombs of Amascut,Get a unique from the Tombs of Amascut,Master,https://www.runescape.com/img/rsp777/game_icon_tombsofamascut.png?2
345,Tombs of Amascut,Get a unique from the Tombs of Amascut,Master,https://www.runescape.com/img/rsp777/game_icon_tombsofamascut.png?2
346,Tombs of Amascut,Get a unique from the Tombs of Amascut,Master,https://www.runescape.com/img/rsp777/game_icon_tombsofamascut.png?2
347,Tombs of Amascut,Get a unique from the Tombs of Amascut,Master,https://www.runescape.com/img/rsp777/game_icon_tombsofamascut.png?2
348,Tombs of Amascut,Get a unique from the Tombs of Amascut,Master,https://www.runescape.com/img/rsp777/game_icon_tombsofamascut.png?2
349,PvM Pet,Obtain a PvM pet,Passive,https://oldschool.runescape.wiki/images/Summoning_icon.png?97fc0
350,PvM Pet,Obtain a PvM pet,Passive,https://oldschool.runescape.wiki/images/Summoning_icon.png?97fc0
351,PvM Pet,Obtain a PvM pet,Passive,https://oldschool.runescape.wiki/images/Summoning_icon.png?97fc0
352,PvM Pet,Obtain a PvM pet,Passive,https://oldschool.runescape.wiki/images/Summoning_icon.png?97fc0
353,PvM Pet,Obtain a PvM pet,Passive,https://oldschool.runescape.wiki/images/Summoning_icon.png?97fc0
354,PvM Pet,Obtain a PvM pet,Passive,https://oldschool.runescape.wiki/images/Summoning_icon.png?97fc0
355,PvM Pet,Obtain a PvM pet,Passive,https://oldschool.runescape.wiki/images/Summoning_icon.png?97fc0
356,PvM Pet,Obtain a PvM pet,Passive,https://oldschool.runescape.wiki/images/Summoning_icon.png?97fc0
357,PvM Pet,Obtain a PvM pet,Passive,https://oldschool.runescape.wiki/images/Summoning_icon.png?97fc0
358,PvM Pet,Obtain a PvM pet,Passive,https://oldschool.runescape.wiki/images/Summoning_icon.png?97fc0
359,PvM Pet,Obtain a PvM pet,Passive,https://oldschool.runescape.wiki/images/Summoning_icon.png?97fc0
360,PvM Pet,Obtain a PvM pet,Passive,https://oldschool.runescape.wiki/images/Summoning_icon.png?97fc0
361,PvM Pet,Obtain a PvM pet,Passive,https://oldschool.runescape.wiki/images/Summoning_icon.png?97fc0
362,PvM Pet,Obtain a PvM pet,Passive,https://oldschool.runescape.wiki/images/Summoning_icon.png?97fc0
363,PvM Pet,Obtain a PvM pet,Passive,https://oldschool.runescape.wiki/images/Summoning_icon.png?97fc0
364,PvM Pet,Obtain a PvM pet,Passive,https://oldschool.runescape.wiki/images/Summoning_icon.png?97fc0
365,PvM Pet,Obtain a PvM pet,Passive,https://oldschool.runescape.wiki/images/Summoning_icon.png?97fc0
366,PvM Pet,Obtain a PvM pet,Passive,https://oldschool.runescape.wiki/images/Summoning_icon.png?97fc0
367,PvM Pet,Obtain a PvM pet,Passive,https://oldschool.runescape.wiki/images/Summoning_icon.png?97fc0
368,PvM Pet,Obtain a PvM pet,Passive,https://oldschool.runescape.wiki/images/Summoning_icon.png?97fc0
369,PvM Pet,Obtain a PvM pet,Passive,https://oldschool.runescape.wiki/images/Summoning_icon.png?97fc0
370,PvM Pet,Obtain a PvM pet,Passive,https://oldschool.runescape.wiki/images/Summoning_icon.png?97fc0
371,PvM Pet,Obtain a PvM pet,Passive,https://oldschool.runescape.wiki/images/Summoning_icon.png?97fc0
372,PvM Pet,Obtain a PvM pet,Passive,https://oldschool.runescape.wiki/images/Summoning_icon.png?97fc0
373,PvM Pet,Obtain a PvM pet,Passive,https://oldschool.runescape.wiki/images/Summoning_icon.png?97fc0
374,PvM Pet,Obtain a PvM pet,Passive,https://oldschool.runescape.wiki/images/Summoning_icon.png?97fc0
375,PvM Pet,Obtain a PvM pet,Passive,https://oldschool.runescape.wiki/images/Summoning_icon.png?97fc0
376,PvM Pet,Obtain a PvM pet,Passive,https://oldschool.runescape.wiki/images/Summoning_icon.png?97fc0
377,PvM Pet,Obtain a PvM pet,Passive,https://oldschool.runescape.wiki/images/Summoning_icon.png?97fc0
378,PvM Pet,Obtain a PvM pet,Passive,https://oldschool.runescape.wiki/images/Summoning_icon.png?97fc0
379,PvM Pet,Obtain a PvM pet,Passive,https://oldschool.runescape.wiki/images/Summoning_icon.png?97fc0
380,PvM Pet,Obtain a PvM pet,Passive,https://oldschool.runescape.wiki/images/Summoning_icon.png?97fc0
381,PvM Pet,Obtain a PvM pet,Passive,https://oldschool.runescape.wiki/images/Summoning_icon.png?97fc0
382,PvM Pet,Obtain a PvM pet,Passive,https://oldschool.runescape.wiki/images/Summoning_icon.png?97fc0
383,PvM Pet,Obtain a PvM pet,Passive,https://oldschool.runescape.wiki/images/Summoning_icon.png?97fc0
384,PvM Pet,Obtain a PvM pet,Passive,https://oldschool.runescape.wiki/images/Summoning_icon.png?97fc0
385,PvM Pet,Obtain a PvM pet,Passive,https://oldschool.runescape.wiki/images/Summoning_icon.png?97fc0
386,PvM Pet,Obtain a PvM pet,Passive,https://oldschool.runescape.wiki/images/Summoning_icon.png?97fc0
387,PvM Pet,Obtain a PvM pet,Passive,https://oldschool.runescape.wiki/images/Summoning_icon.png?97fc0
388,PvM Pet,Obtain a PvM pet,Passive,https://oldschool.runescape.wiki/images/Summoning_icon.png?97fc0
389,PvM Pet,Obtain a PvM pet,Passive,https://oldschool.runescape.wiki/images/Summoning_icon.png?97fc0
390,PvM Pet,Obtain a PvM pet,Passive,https://oldschool.runescape.wiki/images/Summoning_icon.png?97fc0
391,PvM Pet,Obtain a PvM pet,Passive,https://oldschool.runescape.wiki/images/Summoning_icon.png?97fc0
392,PvM Pet,Obtain a PvM pet,Passive,https://oldschool.runescape.wiki/images/Summoning_icon.png?97fc0
393,PvM Pet,Obtain a PvM pet,Passive,https://oldschool.runescape.wiki/images/Summoning_icon.png?97fc0
394,PvM Pet,Obtain a PvM pet,Passive,https://oldschool.runescape.wiki/images/Summoning_icon.png?97fc0
395,PvM Pet,Obtain a PvM pet,Passive,https://oldschool.runescape.wiki/images/Summoning_icon.png?97fc0
396,PvM Pet,Obtain a PvM pet,Passive,https://oldschool.runescape.wiki/images/Summoning_icon.png?97fc0
397,PvM Pet,Obtain a PvM pet,Passive,https://oldschool.runescape.wiki/images/Summoning_icon.png?97fc0
398,PvM Pet,Obtain a PvM pet,Passive,https://oldschool.runescape.wiki/images/Summoning_icon.png?97fc0
399,Beginner Treasure Trails,Get 2 uniques from Beginner Treasure Trails,Beginner,https://oldschool.runescape.wiki/images/Clue_scroll_%28beginner%29.png?09bb0
400,Beginner Treasure Trails,Get 2 uniques from Beginner Treasure Trails,Beginner,https://oldschool.runescape.wiki/images/Clue_scroll_%28beginner%29.png?09bb0
401,Beginner Treasure Trails,Get 2 uniques from Beginner Treasure Trails,Beginner,https://oldschool.runescape.wiki/images/Clue_scroll_%28beginner%29.png?09bb0
402,Beginner Treasure Trails,Get 2 uniques from Beginner Treasure Trails,Beginner,https://oldschool.runescape.wiki/images/Clue_scroll_%28beginner%29.png?09bb0
403,Beginner Treasure Trails,Get 2 uniques from Beginner Treasure Trails,Easy,https://oldschool.runescape.wiki/images/Clue_scroll_%28beginner%29.png?09bb0
404,Beginner Treasure Trails,Get 2 uniques from Beginner Treasure Trails,Easy,https://oldschool.runescape.wiki/images/Clue_scroll_%28beginner%29.png?09bb0
405,Beginner Treasure Trails,Get 2 uniques from Beginner Treasure Trails,Easy,https://oldschool.runescape.wiki/images/Clue_scroll_%28beginner%29.png?09bb0
406,Beginner Treasure Trails,Get 2 uniques from Beginner Treasure Trails,Medium,https://oldschool.runescape.wiki/images/Clue_scroll_%28beginner%29.png?09bb0
407,Easy Treasure Trails,Get 4 uniques from Easy Treasure Trails,Beginner,https://oldschool.runescape.wiki/images/Clue_scroll_%28easy%29.png?e29cd
408,Easy Treasure Trails,Get 4 uniques from Easy Treasure Trails,Beginner,https://oldschool.runescape.wiki/images/Clue_scroll_%28easy%29.png?e29cd
409,Easy Treasure Trails,Get 3 uniques from Easy Treasure Trails,Easy,https://oldschool.runescape.wiki/images/Clue_scroll_%28easy%29.png?e29cd
410,Easy Treasure Trails,Get 3 uniques from Easy Treasure Trails,Easy,https://oldschool.runescape.wiki/images/Clue_scroll_%28easy%29.png?e29cd
411,Easy Treasure Trails,Get 3 uniques from Easy Treasure Trails,Easy,https://oldschool.runescape.wiki/images/Clue_scroll_%28easy%29.png?e29cd
412,Easy Treasure Trails,Get 3 uniques from Easy Treasure Trails,Easy,https://oldschool.runescape.wiki/images/Clue_scroll_%28easy%29.png?e29cd
413,Easy Treasure Trails,Get 2 uniques from Easy Treasure Trails,Medium,https://oldschool.runescape.wiki/images/Clue_scroll_%28easy%29.png?e29cd
414,Easy Treasure Trails,Get 2 uniques from Easy Treasure Trails,Medium,https://oldschool.runescape.wiki/images/Clue_scroll_%28easy%29.png?e29cd
415,Easy Treasure Trails,Get 2 uniques from Easy Treasure Trails,Medium,https://oldschool.runescape.wiki/images/Clue_scroll_%28easy%29.png?e29cd
416,Easy Treasure Trails,Get 2 uniques from Easy Treasure Trails,Medium,https://oldschool.runescape.wiki/images/Clue_scroll_%28easy%29.png?e29cd
417,Easy Treasure Trails,Get 3 uniques from Easy Treasure Trails,Medium,https://oldschool.runescape.wiki/images/Clue_scroll_%28easy%29.png?e29cd
418,Easy Treasure Trails,Get 3 uniques from Easy Treasure Trails,Medium,https://oldschool.runescape.wiki/images/Clue_scroll_%28easy%29.png?e29cd
419,Easy Treasure Trails,Get 4 uniques from Easy Treasure Trails,Medium,https://oldschool.runescape.wiki/images/Clue_scroll_%28easy%29.png?e29cd
420,Easy Treasure Trails,Get 4 uniques from Easy Treasure Trails,Medium,https://oldschool.runescape.wiki/images/Clue_scroll_%28easy%29.png?e29cd
421,Easy Treasure Trails,Get 4 uniques from Easy Treasure Trails,Medium,https://oldschool.runescape.wiki/images/Clue_scroll_%28easy%29.png?e29cd
422,Easy Treasure Trails,Get 5 uniques from Easy Treasure Trails,Hard,https://oldschool.runescape.wiki/images/Clue_scroll_%28easy%29.png?e29cd
423,Easy Treasure Trails,Get 5 uniques from Easy Treasure Trails,Hard,https://oldschool.runescape.wiki/images/Clue_scroll_%28easy%29.png?e29cd
424,Easy Treasure Trails,Get 5 uniques from Easy Treasure Trails,Hard,https://oldschool.runescape.wiki/images/Clue_scroll_%28easy%29.png?e29cd
425,Easy Treasure Trails,Get 5 uniques from Easy Treasure Trails,Hard,https://oldschool.runescape.wiki/images/Clue_scroll_%28easy%29.png?e29cd
426,Easy Treasure Trails,Get 5 uniques from Easy Treasure Trails,Hard,https://oldschool.runescape.wiki/images/Clue_scroll_%28easy%29.png?e29cd
427,Easy Treasure Trails,Get 5 uniques from Easy Treasure Trails,Elite,https://oldschool.runescape.wiki/images/Clue_scroll_%28easy%29.png?e29cd
428,Easy Treasure Trails,Get 5 uniques from Easy Treasure Trails,Elite,https://oldschool.runescape.wiki/images/Clue_scroll_%28easy%29.png?e29cd
429,Easy Treasure Trails,Get 5 uniques from Easy Treasure Trails,Elite,https://oldschool.runescape.wiki/images/Clue_scroll_%28easy%29.png?e29cd
430,Easy Treasure Trails,Get 5 uniques from Easy Treasure Trails,Elite,https://oldschool.runescape.wiki/images/Clue_scroll_%28easy%29.png?e29cd
431,Easy Treasure Trails,Get 5 uniques from Easy Treasure Trails,Elite,https://oldschool.runescape.wiki/images/Clue_scroll_%28easy%29.png?e29cd
432,Easy Treasure Trails,Get 5 uniques from Easy Treasure Trails,Master,https://oldschool.runescape.wiki/images/Clue_scroll_%28easy%29.png?e29cd
433,Easy Treasure Trails,Get 5 uniques from Easy Treasure Trails,Master,https://oldschool.runescape.wiki/images/Clue_scroll_%28easy%29.png?e29cd
434,Easy Treasure Trails,Get 5 uniques from Easy Treasure Trails,Master,https://oldschool.runescape.wiki/images/Clue_scroll_%28easy%29.png?e29cd
435,Easy Treasure Trails,Get 5 uniques from Easy Treasure Trails,Master,https://oldschool.runescape.wiki/images/Clue_scroll_%28easy%29.png?e29cd
436,Easy Treasure Trails,Get 5 uniques from Easy Treasure Trails,Master,https://oldschool.runescape.wiki/images/Clue_scroll_%28easy%29.png?e29cd
437,Easy Treasure Trails,Get 5 uniques from Easy Treasure Trails,Master,https://oldschool.runescape.wiki/images/Clue_scroll_%28easy%29.png?e29cd
438,Easy Treasure Trails,Get 5 uniques from Easy Treasure Trails,Master,https://oldschool.runescape.wiki/images/Clue_scroll_%28easy%29.png?e29cd
439,Medium Treasure Trails,Get 3 uniques from Medium Treasure Trails,Easy,https://oldschool.runescape.wiki/images/Clue_scroll_%28medium%29.png?e18ce
440,Medium Treasure Trails,Get 3 uniques from Medium Treasure Trails,Easy,https://oldschool.runescape.wiki/images/Clue_scroll_%28medium%29.png?e18ce
441,Medium Treasure Trails,Get 3 uniques from Medium Treasure Trails,Easy,https://oldschool.runescape.wiki/images/Clue_scroll_%28medium%29.png?e18ce
442,Medium Treasure Trails,Get 3 uniques from Medium Treasure Trails,Easy,https://oldschool.runescape.wiki/images/Clue_scroll_%28medium%29.png?e18ce
443,Medium Treasure Trails,Get 3 uniques from Medium Treasure Trails,Easy,https://oldschool.runescape.wiki/images/Clue_scroll_%28medium%29.png?e18ce
444,Medium Treasure Trails,Get 4 uniques from Medium Treasure Trails,Medium,https://oldschool.runescape.wiki/images/Clue_scroll_%28medium%29.png?e18ce
445,Medium Treasure Trails,Get 4 uniques from Medium Treasure Trails,Medium,https://oldschool.runescape.wiki/images/Clue_scroll_%28medium%29.png?e18ce
446,Medium Treasure Trails,Get 4 uniques from Medium Treasure Trails,Medium,https://oldschool.runescape.wiki/images/Clue_scroll_%28medium%29.png?e18ce
447,Medium Treasure Trails,Get 4 uniques from Medium Treasure Trails,Medium,https://oldschool.runescape.wiki/images/Clue_scroll_%28medium%29.png?e18ce
448,Medium Treasure Trails,Get 4 uniques from Medium Treasure Trails,Medium,https://oldschool.runescape.wiki/images/Clue_scroll_%28medium%29.png?e18ce
449,Medium Treasure Trails,Get 4 uniques from Medium Treasure Trails,Medium,https://oldschool.runescape.wiki/images/Clue_scroll_%28medium%29.png?e18ce
450,Medium Treasure Trails,Get 4 uniques from Medium Treasure Trails,Medium,https://oldschool.runescape.wiki/images/Clue_scroll_%28medium%29.png?e18ce
451,Medium Treasure Trails,Get 4 uniques from Medium Treasure Trails,Hard,https://oldschool.runescape.wiki/images/Clue_scroll_%28medium%29.png?e18ce
452,Medium Treasure Trails,Get 4 uniques from Medium Treasure Trails,Hard,https://oldschool.runescape.wiki/images/Clue_scroll_%28medium%29.png?e18ce
453,Medium Treasure Trails,Get 4 uniques from Medium Treasure Trails,Hard,https://oldschool.runescape.wiki/images/Clue_scroll_%28medium%29.png?e18ce
454,Medium Treasure Trails,Get 4 uniques from Medium Treasure Trails,Hard,https://oldschool.runescape.wiki/images/Clue_scroll_%28medium%29.png?e18ce
455,Medium Treasure Trails,Get 4 uniques from Medium Treasure Trails,Hard,https://oldschool.runescape.wiki/images/Clue_scroll_%28medium%29.png?e18ce
456,Medium Treasure Trails,Get 4 uniques from Medium Treasure Trails,Hard,https://oldschool.runescape.wiki/images/Clue_scroll_%28medium%29.png?e18ce
457,Medium Treasure Trails,Get 4 uniques from Medium Treasure Trails,Elite,https://oldschool.runescape.wiki/images/Clue_scroll_%28medium%29.png?e18ce
458,Medium Treasure Trails,Get 4 uniques from Medium Treasure Trails,Elite,https://oldschool.runescape.wiki/images/Clue_scroll_%28medium%29.png?e18ce
459,Medium Treasure Trails,Get 4 uniques from Medium Treasure Trails,Elite,https://oldschool.runescape.wiki/images/Clue_scroll_%28medium%29.png?e18ce
460,Medium Treasure Trails,Get 4 uniques from Medium Treasure Trails,Elite,https://oldschool.runescape.wiki/images/Clue_scroll_%28medium%29.png?e18ce
461,Medium Treasure Trails,Get 4 uniques from Medium Treasure Trails,Elite,https://oldschool.runescape.wiki/images/Clue_scroll_%28medium%29.png?e18ce
462,Medium Treasure Trails,Get 4 uniques from Medium Treasure Trails,Elite,https://oldschool.runescape.wiki/images/Clue_scroll_%28medium%29.png?e18ce
463,Medium Treasure Trails,Get 4 uniques from Medium Treasure Trails,Master,https://oldschool.runescape.wiki/images/Clue_scroll_%28medium%29.png?e18ce
464,Medium Treasure Trails,Get 4 uniques from Medium Treasure Trails,Master,https://oldschool.runescape.wiki/images/Clue_scroll_%28medium%29.png?e18ce
465,Medium Treasure Trails,Get 4 uniques from Medium Treasure Trails,Master,https://oldschool.runescape.wiki/images/Clue_scroll_%28medium%29.png?e18ce
466,Medium Treasure Trails,Get 4 uniques from Medium Treasure Trails,Master,https://oldschool.runescape.wiki/images/Clue_scroll_%28medium%29.png?e18ce
467,Medium Treasure Trails,Get 4 uniques from Medium Treasure Trails,Master,https://oldschool.runescape.wiki/images/Clue_scroll_%28medium%29.png?e18ce
468,Medium Treasure Trails,Get 4 uniques from Medium Treasure Trails,Master,https://oldschool.runescape.wiki/images/Clue_scroll_%28medium%29.png?e18ce
469,Hard Treasure Trails,Get 2 uniques from Hard Treasure Trails,Medium,https://oldschool.runescape.wiki/images/Clue_scroll_%28hard%29.png?e29cd
470,Hard Treasure Trails,Get 3 uniques from Hard Treasure Trails,Medium,https://oldschool.runescape.wiki/images/Clue_scroll_%28hard%29.png?e29cd
471,Hard Treasure Trails,Get 3 uniques from Hard Treasure Trails,Medium,https://oldschool.runescape.wiki/images/Clue_scroll_%28hard%29.png?e29cd
472,Hard Treasure Trails,Get 3 uniques from Hard Treasure Trails,Medium,https://oldschool.runescape.wiki/images/Clue_scroll_%28hard%29.png?e29cd
473,Hard Treasure Trails,Get 3 uniques from Hard Treasure Trails,Medium,https://oldschool.runescape.wiki/images/Clue_scroll_%28hard%29.png?e29cd
474,Hard Treasure Trails,Get 3 uniques from Hard Treasure Trails,Medium,https://oldschool.runescape.wiki/images/Clue_scroll_%28hard%29.png?e29cd
475,Hard Treasure Trails,Get 3 uniques from Hard Treasure Trails,Medium,https://oldschool.runescape.wiki/images/Clue_scroll_%28hard%29.png?e29cd
476,Hard Treasure Trails,Get 3 uniques from Hard Treasure Trails,Medium,https://oldschool.runescape.wiki/images/Clue_scroll_%28hard%29.png?e29cd
477,Hard Treasure Trails,Get 3 uniques from Hard Treasure Trails,Medium,https://oldschool.runescape.wiki/images/Clue_scroll_%28hard%29.png?e29cd
478,Hard Treasure Trails,Get 4 uniques from Hard Treasure Trails,Hard,https://oldschool.runescape.wiki/images/Clue_scroll_%28hard%29.png?e29cd
479,Hard Treasure Trails,Get 4 uniques from Hard Treasure Trails,Hard,https://oldschool.runescape.wiki/images/Clue_scroll_%28hard%29.png?e29cd
480,Hard Treasure Trails,Get 4 uniques from Hard Treasure Trails,Hard,https://oldschool.runescape.wiki/images/Clue_scroll_%28hard%29.png?e29cd
481,Hard Treasure Trails,Get 4 uniques from Hard Treasure Trails,Hard,https://oldschool.runescape.wiki/images/Clue_scroll_%28hard%29.png?e29cd
482,Hard Treasure Trails,Get 4 uniques from Hard Treasure Trails,Hard,https://oldschool.runescape.wiki/images/Clue_scroll_%28hard%29.png?e29cd
483,Hard Treasure Trails,Get 4 uniques from Hard Treasure Trails,Hard,https://oldschool.runescape.wiki/images/Clue_scroll_%28hard%29.png?e29cd
484,Hard Treasure Trails,Get 4 uniques from Hard Treasure Trails,Hard,https://oldschool.runescape.wiki/images/Clue_scroll_%28hard%29.png?e29cd
485,Hard Treasure Trails,Get 4 uniques from Hard Treasure Trails,Hard,https://oldschool.runescape.wiki/images/Clue_scroll_%28hard%29.png?e29cd
486,Hard Treasure Trails,Get 4 uniques from Hard Treasure Trails,Elite,https://oldschool.runescape.wiki/images/Clue_scroll_%28hard%29.png?e29cd
487,Hard Treasure Trails,Get 4 uniques from Hard Treasure Trails,Elite,https://oldschool.runescape.wiki/images/Clue_scroll_%28hard%29.png?e29cd
488,Hard Treasure Trails,Get 4 uniques from Hard Treasure Trails,Elite,https://oldschool.runescape.wiki/images/Clue_scroll_%28hard%29.png?e29cd
489,Hard Treasure Trails,Get 4 uniques from Hard Treasure Trails,Elite,https://oldschool.runescape.wiki/images/Clue_scroll_%28hard%29.png?e29cd
490,Hard Treasure Trails,Get 4 uniques from Hard Treasure Trails,Elite,https://oldschool.runescape.wiki/images/Clue_scroll_%28hard%29.png?e29cd
491,Hard Treasure Trails,Get 4 uniques from Hard Treasure Trails,Elite,https://oldschool.runescape.wiki/images/Clue_scroll_%28hard%29.png?e29cd
492,Hard Treasure Trails,Get 4 uniques from Hard Treasure Trails,Elite,https://oldschool.runescape.wiki/images/Clue_scroll_%28hard%29.png?e29cd
493,Hard Treasure Trails,Get 4 uniques from Hard Treasure Trails,Elite,https://oldschool.runescape.wiki/images/Clue_scroll_%28hard%29.png?e29cd
494,Hard Treasure Trails,Get 4 uniques from Hard Treasure Trails,Master,https://oldschool.runescape.wiki/images/Clue_scroll_%28hard%29.png?e29cd
495,Hard Treasure Trails,Get 4 uniques from Hard Treasure Trails,Master,https://oldschool.runescape.wiki/images/Clue_scroll_%28hard%29.png?e29cd
496,Hard Treasure Trails,Get 4 uniques from Hard Treasure Trails,Master,https://oldschool.runescape.wiki/images/Clue_scroll_%28hard%29.png?e29cd
497,Hard Treasure Trails,Get 4 uniques from Hard Treasure Trails,Master,https://oldschool.runescape.wiki/images/Clue_scroll_%28hard%29.png?e29cd
498,Hard Treasure Trails,Get 4 uniques from Hard Treasure Trails,Master,https://oldschool.runescape.wiki/images/Clue_scroll_%28hard%29.png?e29cd
499,Hard Treasure Trails,Get 4 uniques from Hard Treasure Trails,Master,https://oldschool.runescape.wiki/images/Clue_scroll_%28hard%29.png?e29cd
500,Hard Treasure Trails,Get 4 uniques from Hard Treasure Trails,Master,https://oldschool.runescape.wiki/images/Clue_scroll_%28hard%29.png?e29cd
501,Hard Treasure Trails,Get 4 uniques from Hard Treasure Trails,Master,https://oldschool.runescape.wiki/images/Clue_scroll_%28hard%29.png?e29cd
502,Hard Treasure Trails,Get 4 uniques from Hard Treasure Trails,Master,https://oldschool.runescape.wiki/images/Clue_scroll_%28hard%29.png?e29cd
503,Hard Treasure Trails,Get 4 uniques from Hard Treasure Trails,Master,https://oldschool.runescape.wiki/images/Clue_scroll_%28hard%29.png?e29cd
504,Hard Treasure Trails,Get 4 uniques from Hard Treasure Trails,Master,https://oldschool.runescape.wiki/images/Clue_scroll_%28hard%29.png?e29cd
505,Elite Treasure Trails,Get 1 uniques from Elite Treasure Trails,Hard,https://oldschool.runescape.wiki/images/Clue_scroll_%28elite%29.png?e29cd
506,Elite Treasure Trails,Get 1 uniques from Elite Treasure Trails,Hard,https://oldschool.runescape.wiki/images/Clue_scroll_%28elite%29.png?e29cd
507,Elite Treasure Trails,Get 1 uniques from Elite Treasure Trails,Hard,https://oldschool.runescape.wiki/images/Clue_scroll_%28elite%29.png?e29cd
508,Elite Treasure Trails,Get 2 uniques from Elite Treasure Trails,Elite,https://oldschool.runescape.wiki/images/Clue_scroll_%28elite%29.png?e29cd
509,Elite Treasure Trails,Get 2 uniques from Elite Treasure Trails,Elite,https://oldschool.runescape.wiki/images/Clue_scroll_%28elite%29.png?e29cd
510,Elite Treasure Trails,Get 2 uniques from Elite Treasure Trails,Elite,https://oldschool.runescape.wiki/images/Clue_scroll_%28elite%29.png?e29cd
511,Elite Treasure Trails,Get 2 uniques from Elite Treasure Trails,Elite,https://oldschool.runescape.wiki/images/Clue_scroll_%28elite%29.png?e29cd
512,Elite Treasure Trails,Get 2 uniques from Elite Treasure Trails,Elite,https://oldschool.runescape.wiki/images/Clue_scroll_%28elite%29.png?e29cd
513,Elite Treasure Trails,Get 2 uniques from Elite Treasure Trails,Elite,https://oldschool.runescape.wiki/images/Clue_scroll_%28elite%29.png?e29cd
514,Elite Treasure Trails,Get 2 uniques from Elite Treasure Trails,Elite,https://oldschool.runescape.wiki/images/Clue_scroll_%28elite%29.png?e29cd
515,Elite Treasure Trails,Get 2 uniques from Elite Treasure Trails,Elite,https://oldschool.runescape.wiki/images/Clue_scroll_%28elite%29.png?e29cd
516,Elite Treasure Trails,Get 2 uniques from Elite Treasure Trails,Elite,https://oldschool.runescape.wiki/images/Clue_scroll_%28elite%29.png?e29cd
517,Elite Treasure Trails,Get 2 uniques from Elite Treasure Trails,Elite,https://oldschool.runescape.wiki/images/Clue_scroll_%28elite%29.png?e29cd
518,Elite Treasure Trails,Get 2 uniques from Elite Treasure Trails,Elite,https://oldschool.runescape.wiki/images/Clue_scroll_%28elite%29.png?e29cd
519,Elite Treasure Trails,Get 2 uniques from Elite Treasure Trails,Elite,https://oldschool.runescape.wiki/images/Clue_scroll_%28elite%29.png?e29cd
520,Elite Treasure Trails,Get 2 uniques from Elite Treasure Trails,Elite,https://oldschool.runescape.wiki/images/Clue_scroll_%28elite%29.png?e29cd
521,Elite Treasure Trails,Get 2 uniques from Elite Treasure Trails,Elite,https://oldschool.runescape.wiki/images/Clue_scroll_%28elite%29.png?e29cd
522,Elite Treasure Trails,Get 2 uniques from Elite Treasure Trails,Elite,https://oldschool.runescape.wiki/images/Clue_scroll_%28elite%29.png?e29cd
523,Elite Treasure Trails,Get 2 uniques from Elite Treasure Trails,Elite,https://oldschool.runescape.wiki/images/Clue_scroll_%28elite%29.png?e29cd
524,Elite Treasure Trails,Get 2 uniques from Elite Treasure Trails,Elite,https://oldschool.runescape.wiki/images/Clue_scroll_%28elite%29.png?e29cd
525,Elite Treasure Trails,Get 2 uniques from Elite Treasure Trails,Elite,https://oldschool.runescape.wiki/images/Clue_scroll_%28elite%29.png?e29cd
526,Elite Treasure Trails,Get 2 uniques from Elite Treasure Trails,Master,https://oldschool.runescape.wiki/images/Clue_scroll_%28elite%29.png?e29cd
527,Elite Treasure Trails,Get 2 uniques from Elite Treasure Trails,Master,https://oldschool.runescape.wiki/images/Clue_scroll_%28elite%29.png?e29cd
528,Elite Treasure Trails,Get 2 uniques from Elite Treasure Trails,Master,https://oldschool.runescape.wiki/images/Clue_scroll_%28elite%29.png?e29cd
529,Elite Treasure Trails,Get 2 uniques from Elite Treasure Trails,Master,https://oldschool.runescape.wiki/images/Clue_scroll_%28elite%29.png?e29cd
530,Elite Treasure Trails,Get 2 uniques from Elite Treasure Trails,Master,https://oldschool.runescape.wiki/images/Clue_scroll_%28elite%29.png?e29cd
531,Elite Treasure Trails,Get 2 uniques from Elite Treasure Trails,Master,https://oldschool.runescape.wiki/images/Clue_scroll_%28elite%29.png?e29cd
532,Elite Treasure Trails,Get 2 uniques from Elite Treasure Trails,Master,https://oldschool.runescape.wiki/images/Clue_scroll_%28elite%29.png?e29cd
533,Elite Treasure Trails,Get 2 uniques from Elite Treasure Trails,Master,https://oldschool.runescape.wiki/images/Clue_scroll_%28elite%29.png?e29cd
534,Elite Treasure Trails,Get 2 uniques from Elite Treasure Trails,Master,https://oldschool.runescape.wiki/images/Clue_scroll_%28elite%29.png?e29cd
535,Elite Treasure Trails,Get 2 uniques from Elite Treasure Trails,Master,https://oldschool.runescape.wiki/images/Clue_scroll_%28elite%29.png?e29cd
536,Master Treasure Trails,Get 1 unique from Master Treasure Trails,Elite,https://oldschool.runescape.wiki/images/Clue_scroll_%28master%29.png?09bb0
537,Master Treasure Trails,Get 1 unique from Master Treasure Trails,Elite,https://oldschool.runescape.wiki/images/Clue_scroll_%28master%29.png?09bb0
538,Master Treasure Trails,Get 1 unique from Master Treasure Trails,Elite,https://oldschool.runescape.wiki/images/Clue_scroll_%28master%29.png?09bb0
539,Master Treasure Trails,Get 1 unique from Master Treasure Trails,Elite,https://oldschool.runescape.wiki/images/Clue_scroll_%28master%29.png?09bb0
540,Master Treasure Trails,Get 1 unique from Master Treasure Trails,Elite,https://oldschool.runescape.wiki/images/Clue_scroll_%28master%29.png?09bb0
541,Master Treasure Trails,Get 1 unique from Master Treasure Trails,Elite,https://oldschool.runescape.wiki/images/Clue_scroll_%28master%29.png?09bb0
542,Master Treasure Trails,Get 1 unique from Master Treasure Trails,Master,https://oldschool.runescape.wiki/images/Clue_scroll_%28master%29.png?09bb0
543,Master Treasure Trails,Get 1 unique from Master Treasure Trails,Master,https://oldschool.runescape.wiki/images/Clue_scroll_%28master%29.png?09bb0
544,Master Treasure Trails,Get 1 unique from Master Treasure Trails,Master,https://oldschool.runescape.wiki/images/Clue_scroll_%28master%29.png?09bb0
545,Master Treasure Trails,Get 1 unique from Master Treasure Trails,Master,https://oldschool.runescape.wiki/images/Clue_scroll_%28master%29.png?09bb0
546,Master Treasure Trails,Get 1 unique from Master Treasure Trails,Master,https://oldschool.runescape.wiki/images/Clue_scroll_%28master%29.png?09bb0
547,Master Treasure Trails,Get 1 unique from Master Treasure Trails,Master,https://oldschool.runescape.wiki/images/Clue_scroll_%28master%29.png?09bb0
548,Master Treasure Trails,Get 1 unique from Master Treasure Trails,Master,https://oldschool.runescape.wiki/images/Clue_scroll_%28master%29.png?09bb0
549,Master Treasure Trails,Get 1 unique from Master Treasure Trails,Master,https://oldschool.runescape.wiki/images/Clue_scroll_%28master%29.png?09bb0
550,Master Treasure Trails,Get 1 unique from Master Treasure Trails,Master,https://oldschool.runescape.wiki/images/Clue_scroll_%28master%29.png?09bb0
551,Master Treasure Trails,Get 1 unique from Master Treasure Trails,Master,https://oldschool.runescape.wiki/images/Clue_scroll_%28master%29.png?09bb0
552,Master Treasure Trails,Get 1 unique from Master Treasure Trails,Master,https://oldschool.runescape.wiki/images/Clue_scroll_%28master%29.png?09bb0
553,Master Treasure Trails,Get 1 unique from Master Treasure Trails,Master,https://oldschool.runescape.wiki/images/Clue_scroll_%28master%29.png?09bb0
554,Master Treasure Trails,Get 1 unique from Master Treasure Trails,Master,https://oldschool.runescape.wiki/images/Clue_scroll_%28master%29.png?09bb0
555,Master Treasure Trails,Get 1 unique from Master Treasure Trails,Master,https://oldschool.runescape.wiki/images/Clue_scroll_%28master%29.png?09bb0
556,Master Treasure Trails,Get 1 unique from Master Treasure Trails,Master,https://oldschool.runescape.wiki/images/Clue_scroll_%28master%29.png?09bb0
557,Master Treasure Trails,Get 1 unique from Master Treasure Trails,Master,https://oldschool.runescape.wiki/images/Clue_scroll_%28master%29.png?09bb0
558,Master Treasure Trails,Get 1 unique from Master Treasure Trails,Master,https://oldschool.runescape.wiki/images/Clue_scroll_%28master%29.png?09bb0
559,Master Treasure Trails,Get 1 unique from Master Treasure Trails,Master,https://oldschool.runescape.wiki/images/Clue_scroll_%28master%29.png?09bb0
560,Master Treasure Trails,Get 1 unique from Master Treasure Trails,Master,https://oldschool.runescape.wiki/images/Clue_scroll_%28master%29.png?09bb0
561,Master Treasure Trails,Get 1 unique from Master Treasure Trails,Master,https://oldschool.runescape.wiki/images/Clue_scroll_%28master%29.png?09bb0
562,Master Treasure Trails,Get 1 unique from Master Treasure Trails,Master,https://oldschool.runescape.wiki/images/Clue_scroll_%28master%29.png?09bb0
563,Master Treasure Trails,Get 1 unique from Master Treasure Trails,Master,https://oldschool.runescape.wiki/images/Clue_scroll_%28master%29.png?09bb0
564,Master Treasure Trails,Get 1 unique from Master Treasure Trails,Master,https://oldschool.runescape.wiki/images/Clue_scroll_%28master%29.png?09bb0
565,Master Treasure Trails,Get 1 unique from Master Treasure Trails,Master,https://oldschool.runescape.wiki/images/Clue_scroll_%28master%29.png?09bb0
566,Master Treasure Trails,Get 1 unique from Master Treasure Trails,Master,https://oldschool.runescape.wiki/images/Clue_scroll_%28master%29.png?09bb0
567,Master Treasure Trails,Get 1 unique from Master Treasure Trails,Master,https://oldschool.runescape.wiki/images/Clue_scroll_%28master%29.png?09bb0
568,Master Treasure Trails,Get 1 unique from Master Treasure Trails,Master,https://oldschool.runescape.wiki/images/Clue_scroll_%28master%29.png?09bb0
569,Master Treasure Trails,Get 1 unique from Master Treasure Trails,Master,https://oldschool.runescape.wiki/images/Clue_scroll_%28master%29.png?09bb0
570,Master Treasure Trails,Get 1 unique from Master Treasure Trails,Master,https://oldschool.runescape.wiki/images/Clue_scroll_%28master%29.png?09bb0
571,Master Treasure Trails,Get 1 unique from Master Treasure Trails,Master,https://oldschool.runescape.wiki/images/Clue_scroll_%28master%29.png?09bb0
572,Master Treasure Trails,Get 1 unique from Master Treasure Trails,Master,https://oldschool.runescape.wiki/images/Clue_scroll_%28master%29.png?09bb0
573,Master Treasure Trails,Get 1 unique from Master Treasure Trails,Master,https://oldschool.runescape.wiki/images/Clue_scroll_%28master%29.png?09bb0
574,Master Treasure Trails,Get 1 unique from Master Treasure Trails,Master,https://oldschool.runescape.wiki/images/Clue_scroll_%28master%29.png?09bb0
575,Master Treasure Trails,Get 1 unique from Master Treasure Trails,Master,https://oldschool.runescape.wiki/images/Clue_scroll_%28master%29.png?09bb0
576,Master Treasure Trails,Get 1 unique from Master Treasure Trails,Master,https://oldschool.runescape.wiki/images/Clue_scroll_%28master%29.png?09bb0
577,Master Treasure Trails,Get 1 unique from Master Treasure Trails,Master,https://oldschool.runescape.wiki/images/Clue_scroll_%28master%29.png?09bb0
578,Master Treasure Trails,Get 1 unique from Master Treasure Trails,Master,https://oldschool.runescape.wiki/images/Clue_scroll_%28master%29.png?09bb0
579,Master Treasure Trails,Get 1 unique from Master Treasure Trails,Master,https://oldschool.runescape.wiki/images/Clue_scroll_%28master%29.png?09bb0
580,Master Treasure Trails,Get 1 unique from Master Treasure Trails,Master,https://oldschool.runescape.wiki/images/Clue_scroll_%28master%29.png?09bb0
581,Master Treasure Trails,Get 1 unique from Master Treasure Trails,Master,https://oldschool.runescape.wiki/images/Clue_scroll_%28master%29.png?09bb0
582,Master Treasure Trails,Get 1 unique from Master Treasure Trails,Master,https://oldschool.runescape.wiki/images/Clue_scroll_%28master%29.png?09bb0
583,Master Treasure Trails,Get 1 unique from Master Treasure Trails,Master,https://oldschool.runescape.wiki/images/Clue_scroll_%28master%29.png?09bb0
584,Master Treasure Trails,Get 1 unique from Master Treasure Trails,Master,https://oldschool.runescape.wiki/images/Clue_scroll_%28master%29.png?09bb0
585,Shared Treasure Trails,Get 3 shared uniques from any Treasure Trails,Passive,https://oldschool.runescape.wiki/images/Purple_sweets_10.png?e7a22
586,Shared Treasure Trails,Get 3 shared uniques from any Treasure Trails,Passive,https://oldschool.runescape.wiki/images/Purple_sweets_10.png?e7a22
587,Shared Treasure Trails,Get 3 shared uniques from any Treasure Trails,Passive,https://oldschool.runescape.wiki/images/Purple_sweets_10.png?e7a22
588,Shared Treasure Trails,Get 3 shared uniques from any Treasure Trails,Passive,https://oldschool.runescape.wiki/images/Purple_sweets_10.png?e7a22
589,Shared Treasure Trails,Get 3 shared uniques from any Treasure Trails,Passive,https://oldschool.runescape.wiki/images/Purple_sweets_10.png?e7a22
590,Shared Treasure Trails,Get 3 shared uniques from any Treasure Trails,Passive,https://oldschool.runescape.wiki/images/Purple_sweets_10.png?e7a22
591,Shared Treasure Trails,Get 3 shared uniques from any Treasure Trails,Passive,https://oldschool.runescape.wiki/images/Purple_sweets_10.png?e7a22
592,Shared Treasure Trails,Get 3 shared uniques from any Treasure Trails,Passive,https://oldschool.runescape.wiki/images/Purple_sweets_10.png?e7a22
593,Shared Treasure Trails,Get 3 shared uniques from any Treasure Trails,Passive,https://oldschool.runescape.wiki/images/Purple_sweets_10.png?e7a22
594,Shared Treasure Trails,Get 3 shared uniques from any Treasure Trails,Passive,https://oldschool.runescape.wiki/images/Purple_sweets_10.png?e7a22
595,Shared Treasure Trails,Get 3 shared uniques from any Treasure Trails,Passive,https://oldschool.runescape.wiki/images/Purple_sweets_10.png?e7a22
596,Shared Treasure Trails,Get 3 shared uniques from any Treasure Trails,Passive,https://oldschool.runescape.wiki/images/Purple_sweets_10.png?e7a22
597,Shared Treasure Trails,Get 3 shared uniques from any Treasure Trails,Passive,https://oldschool.runescape.wiki/images/Purple_sweets_10.png?e7a22
598,Shared Treasure Trails,Get 3 shared uniques from any Treasure Trails,Passive,https://oldschool.runescape.wiki/images/Purple_sweets_10.png?e7a22
599,Shared Treasure Trails,Get 3 shared uniques from any Treasure Trails,Passive,https://oldschool.runescape.wiki/images/Purple_sweets_10.png?e7a22
600,Shared Treasure Trails,Get 3 shared uniques from any Treasure Trails,Passive,https://oldschool.runescape.wiki/images/Purple_sweets_10.png?e7a22
601,Shared Treasure Trails,Get 1 shared unique from any Treasure Trails,Passive,https://oldschool.runescape.wiki/images/Purple_sweets_10.png?e7a22
602,Rare Treasure Trails,Get 1 rare unique from any Treasure Trails,Passive,https://oldschool.runescape.wiki/images/3rd_age_full_helmet.png?a4ed9
603,Rare Treasure Trails,Get 1 rare unique from any Treasure Trails,Passive,https://oldschool.runescape.wiki/images/3rd_age_full_helmet.png?a4ed9
604,Rare Treasure Trails,Get 1 rare unique from any Treasure Trails,Passive,https://oldschool.runescape.wiki/images/3rd_age_full_helmet.png?a4ed9
605,Rare Treasure Trails,Get 1 rare unique from any Treasure Trails,Passive,https://oldschool.runescape.wiki/images/3rd_age_full_helmet.png?a4ed9
606,Rare Treasure Trails,Get 1 rare unique from any Treasure Trails,Passive,https://oldschool.runescape.wiki/images/3rd_age_full_helmet.png?a4ed9
607,Rare Treasure Trails,Get 1 rare unique from any Treasure Trails,Passive,https://oldschool.runescape.wiki/images/3rd_age_full_helmet.png?a4ed9
608,Rare Treasure Trails,Get 1 rare unique from any Treasure Trails,Passive,https://oldschool.runescape.wiki/images/3rd_age_full_helmet.png?a4ed9
609,Rare Treasure Trails,Get 1 rare unique from any Treasure Trails,Passive,https://oldschool.runescape.wiki/images/3rd_age_full_helmet.png?a4ed9
610,Rare Treasure Trails,Get 1 rare unique from any Treasure Trails,Passive,https://oldschool.runescape.wiki/images/3rd_age_full_helmet.png?a4ed9
611,Rare Treasure Trails,Get 1 rare unique from any Treasure Trails,Passive,https://oldschool.runescape.wiki/images/3rd_age_full_helmet.png?a4ed9
612,Rare Treasure Trails,Get 1 rare unique from any Treasure Trails,Passive,https://oldschool.runescape.wiki/images/3rd_age_full_helmet.png?a4ed9
613,Rare Treasure Trails,Get 1 rare unique from any Treasure Trails,Passive,https://oldschool.runescape.wiki/images/3rd_age_full_helmet.png?a4ed9
614,Rare Treasure Trails,Get 1 rare unique from any Treasure Trails,Passive,https://oldschool.runescape.wiki/images/3rd_age_full_helmet.png?a4ed9
615,Rare Treasure Trails,Get 1 rare unique from any Treasure Trails,Passive,https://oldschool.runescape.wiki/images/3rd_age_full_helmet.png?a4ed9
616,Rare Treasure Trails,Get 1 rare unique from any Treasure Trails,Passive,https://oldschool.runescape.wiki/images/3rd_age_full_helmet.png?a4ed9
617,Rare Treasure Trails,Get 1 rare unique from any Treasure Trails,Passive,https://oldschool.runescape.wiki/images/3rd_age_full_helmet.png?a4ed9
618,Rare Treasure Trails,Get 1 rare unique from any Treasure Trails,Passive,https://oldschool.runescape.wiki/images/3rd_age_full_helmet.png?a4ed9
619,Rare Treasure Trails,Get 1 rare unique from any Treasure Trails,Passive,https://oldschool.runescape.wiki/images/3rd_age_full_helmet.png?a4ed9
620,Rare Treasure Trails,Get 1 rare unique from any Treasure Trails,Passive,https://oldschool.runescape.wiki/images/3rd_age_full_helmet.png?a4ed9
621,Rare Treasure Trails,Get 1 rare unique from any Treasure Trails,Passive,https://oldschool.runescape.wiki/images/3rd_age_full_helmet.png?a4ed9
622,Rare Treasure Trails,Get 1 rare unique from any Treasure Trails,Passive,https://oldschool.runescape.wiki/images/3rd_age_full_helmet.png?a4ed9
623,Rare Treasure Trails,Get 1 rare unique from any Treasure Trails,Passive,https://oldschool.runescape.wiki/images/3rd_age_full_helmet.png?a4ed9
624,Rare Treasure Trails,Get 1 rare unique from any Treasure Trails,Passive,https://oldschool.runescape.wiki/images/3rd_age_full_helmet.png?a4ed9
625,Rare Treasure Trails,Get 1 rare unique from any Treasure Trails,Passive,https://oldschool.runescape.wiki/images/3rd_age_full_helmet.png?a4ed9
626,Rare Treasure Trails,Get 1 rare unique from any Treasure Trails,Passive,https://oldschool.runescape.wiki/images/3rd_age_full_helmet.png?a4ed9
627,Rare Treasure Trails,Get 1 rare unique from any Treasure Trails,Passive,https://oldschool.runescape.wiki/images/3rd_age_full_helmet.png?a4ed9
628,Rare Treasure Trails,Get 1 rare unique from any Treasure Trails,Passive,https://oldschool.runescape.wiki/images/3rd_age_full_helmet.png?a4ed9
629,Rare Treasure Trails,Get 1 rare unique from any Treasure Trails,Passive,https://oldschool.runescape.wiki/images/3rd_age_full_helmet.png?a4ed9
630,Rare Treasure Trails,Get 1 rare unique from any Treasure Trails,Passive,https://oldschool.runescape.wiki/images/3rd_age_full_helmet.png?a4ed9
631,Rare Treasure Trails,Get 1 rare unique from any Treasure Trails,Passive,https://oldschool.runescape.wiki/images/3rd_age_full_helmet.png?a4ed9
632,Rare Treasure Trails,Get 1 rare unique from any Treasure Trails,Passive,https://oldschool.runescape.wiki/images/3rd_age_full_helmet.png?a4ed9
633,Rare Treasure Trails,Get 1 rare unique from any Treasure Trails,Passive,https://oldschool.runescape.wiki/images/3rd_age_full_helmet.png?a4ed9
634,Rare Treasure Trails,Get 1 rare unique from any Treasure Trails,Passive,https://oldschool.runescape.wiki/images/3rd_age_full_helmet.png?a4ed9
635,Rare Treasure Trails,Get 1 rare unique from any Treasure Trails,Passive,https://oldschool.runescape.wiki/images/3rd_age_full_helmet.png?a4ed9
636,Rare Treasure Trails,Get 1 rare unique from any Treasure Trails,Passive,https://oldschool.runescape.wiki/images/3rd_age_full_helmet.png?a4ed9
637,Rare Treasure Trails,Get 1 rare unique from any Treasure Trails,Passive,https://oldschool.runescape.wiki/images/3rd_age_full_helmet.png?a4ed9
638,Rare Treasure Trails,Get 1 rare unique from any Treasure Trails,Passive,https://oldschool.runescape.wiki/images/3rd_age_full_helmet.png?a4ed9
639,Rare Treasure Trails,Get 1 rare unique from any Treasure Trails,Passive,https://oldschool.runescape.wiki/images/3rd_age_full_helmet.png?a4ed9
640,Rare Treasure Trails,Get 1 rare unique from any Treasure Trails,Passive,https://oldschool.runescape.wiki/images/3rd_age_full_helmet.png?a4ed9
641,Rare Treasure Trails,Get 1 rare unique from any Treasure Trails,Passive,https://oldschool.runescape.wiki/images/3rd_age_full_helmet.png?a4ed9
642,Rare Treasure Trails,Get 1 rare unique from any Treasure Trails,Passive,https://oldschool.runescape.wiki/images/3rd_age_full_helmet.png?a4ed9
643,Rare Treasure Trails,Get 1 rare unique from any Treasure Trails,Passive,https://oldschool.runescape.wiki/images/3rd_age_full_helmet.png?a4ed9
644,Rare Treasure Trails,Get 1 rare unique from any Treasure Trails,Passive,https://oldschool.runescape.wiki/images/3rd_age_full_helmet.png?a4ed9
645,Rare Treasure Trails,Get 1 rare unique from any Treasure Trails,Passive,https://oldschool.runescape.wiki/images/3rd_age_full_helmet.png?a4ed9
646,Rare Treasure Trails,Get 1 rare unique from any Treasure Trails,Passive,https://oldschool.runescape.wiki/images/3rd_age_full_helmet.png?a4ed9
647,Rare Treasure Trails,Get 1 rare unique from any Treasure Trails,Passive,https://oldschool.runescape.wiki/images/3rd_age_full_helmet.png?a4ed9
648,Rare Treasure Trails,Get 1 rare unique from any Treasure Trails,Passive,https://oldschool.runescape.wiki/images/3rd_age_full_helmet.png?a4ed9
649,Mimic Scroll Case,Obtain the Mimic Scroll Case,Passive,https://oldschool.runescape.wiki/images/Mimic_scroll_case.png?fbe5f
650,Barbarian Assault,Get 1 unique from Barbarian Assault ,Medium,https://oldschool.runescape.wiki/images/Fighter_torso.png?97fe8
651,Barbarian Assault,Get 1 unique from Barbarian Assault ,Medium,https://oldschool.runescape.wiki/images/Fighter_torso.png?97fe8
652,Barbarian Assault,Get 1 unique from Barbarian Assault ,Medium,https://oldschool.runescape.wiki/images/Fighter_torso.png?97fe8
653,Barbarian Assault,Get 1 unique from Barbarian Assault ,Hard,https://oldschool.runescape.wiki/images/Fighter_torso.png?97fe8
654,Barbarian Assault,Get 1 unique from Barbarian Assault ,Hard,https://oldschool.runescape.wiki/images/Fighter_torso.png?97fe8
655,Barbarian Assault,Get 1 unique from Barbarian Assault ,Hard,https://oldschool.runescape.wiki/images/Fighter_torso.png?97fe8
656,Barbarian Assault,Get 1 unique from Barbarian Assault ,Hard,https://oldschool.runescape.wiki/images/Fighter_torso.png?97fe8
657,Barbarian Assault,Get 1 unique from Barbarian Assault ,Elite,https://oldschool.runescape.wiki/images/Fighter_torso.png?97fe8
658,Barbarian Assault,Get 1 unique from Barbarian Assault ,Elite,https://oldschool.runescape.wiki/images/Fighter_torso.png?97fe8
659,Barbarian Assault,Get 1 unique from Barbarian Assault ,Elite,https://oldschool.runescape.wiki/images/Fighter_torso.png?97fe8
660,Barbarian Assault,Get 1 unique from Barbarian Assault ,Master,https://oldschool.runescape.wiki/images/Fighter_torso.png?97fe8
661,Brimhaven Agility Arena,Gain 2 uniques from the Brimhaven Agility Arena,Easy,https://oldschool.runescape.wiki/images/Agility_arena_ticket.png?65d4f
662,Brimhaven Agility Arena,Gain 1 uniques from the Brimhaven Agility Arena,Elite,https://oldschool.runescape.wiki/images/Pirate%27s_hook.png?f976b
663,Brimhaven Agility Arena,Gain 6 uniques from the Brimhaven Agility Arena,Hard,https://oldschool.runescape.wiki/images/Graceful_top_%28Agility_Arena%29.png?19135
664,Castle Wars,Gain 4 uniques from Castle Wars,Medium,https://oldschool.runescape.wiki/images/Decorative_helm_%28red%29.png?1a603
665,Castle Wars,Gain 4 uniques from Castle Wars,Medium,https://oldschool.runescape.wiki/images/Decorative_helm_%28red%29.png?1a603
666,Castle Wars,Gain 2 uniques from Castle Wars,Hard,https://oldschool.runescape.wiki/images/Decorative_helm_%28red%29.png?1a603
667,Castle Wars,Gain 2 uniques from Castle Wars,Hard,https://oldschool.runescape.wiki/images/Decorative_helm_%28red%29.png?1a603
668,Castle Wars,Gain 2 uniques from Castle Wars,Hard,https://oldschool.runescape.wiki/images/Decorative_helm_%28red%29.png?1a603
669,Castle Wars,Gain 2 uniques from Castle Wars,Hard,https://oldschool.runescape.wiki/images/Decorative_helm_%28red%29.png?1a603
670,Castle Wars,Gain 2 uniques from Castle Wars,Hard,https://oldschool.runescape.wiki/images/Decorative_helm_%28red%29.png?1a603
671,Castle Wars,Gain 2 uniques from Castle Wars,Hard,https://oldschool.runescape.wiki/images/Decorative_helm_%28red%29.png?1a603
672,Castle Wars,Gain 2 uniques from Castle Wars,Hard,https://oldschool.runescape.wiki/images/Decorative_helm_%28red%29.png?1a603
673,Castle Wars,Gain 2 uniques from Castle Wars,Hard,https://oldschool.runescape.wiki/images/Decorative_helm_%28red%29.png?1a603
674,Castle Wars,Gain 2 uniques from Castle Wars,Hard,https://oldschool.runescape.wiki/images/Decorative_helm_%28red%29.png?1a603
675,Castle Wars,Gain 2 uniques from Castle Wars,Elite,https://oldschool.runescape.wiki/images/Decorative_helm_%28red%29.png?1a603
676,Castle Wars,Gain 2 uniques from Castle Wars,Elite,https://oldschool.runescape.wiki/images/Decorative_helm_%28red%29.png?1a603
677,Castle Wars,Gain 2 uniques from Castle Wars,Elite,https://oldschool.runescape.wiki/images/Decorative_helm_%28red%29.png?1a603
678,Castle Wars,Gain 2 uniques from Castle Wars,Elite,https://oldschool.runescape.wiki/images/Decorative_helm_%28red%29.png?1a603
679,Castle Wars,Gain 2 uniques from Castle Wars,Elite,https://oldschool.runescape.wiki/images/Decorative_helm_%28red%29.png?1a603
680,Castle Wars,Gain 2 uniques from Castle Wars,Elite,https://oldschool.runescape.wiki/images/Decorative_helm_%28red%29.png?1a603
681,Castle Wars,Gain 1 unique from Castle Wars,Master,https://oldschool.runescape.wiki/images/Decorative_helm_%28red%29.png?1a603
682,Angler Outfit,Obtain 1 piece of the Angler Outfit,Beginner,https://oldschool.runescape.wiki/images/Angler_hat.png?0b6b6
683,Fishing Trawler,Obtain 1 piece of the Angler Outfit,Beginner,https://oldschool.runescape.wiki/images/Angler_hat.png?0b6b6
684,Fishing Trawler,Obtain 1 piece of the Angler Outfit,Easy,https://oldschool.runescape.wiki/images/Angler_hat.png?0b6b6
685,Fishing Trawler,Obtain 1 piece of the Angler Outfit,Easy,https://oldschool.runescape.wiki/images/Angler_hat.png?0b6b6
686,Giants' Foundry,Gain 2 uniques from the Giants' Foundry,Easy,https://oldschool.runescape.wiki/images/Ore_pack_%28Giants%27_Foundry%29.png?b30d1
687,Giants' Foundry,Gain 2 uniques from the Giants' Foundry,Easy,https://oldschool.runescape.wiki/images/Ore_pack_%28Giants%27_Foundry%29.png?b30d1
688,Giants' Foundry,Gain 2 uniques from the Giants' Foundry,Easy,https://oldschool.runescape.wiki/images/Ore_pack_%28Giants%27_Foundry%29.png?b30d1
689,Giants' Foundry,Gain 1 unique from the Giants' Foundry,Medium,https://oldschool.runescape.wiki/images/Ore_pack_%28Giants%27_Foundry%29.png?b30d1
690,Giants' Foundry,Gain 1 unique from the Giants' Foundry,Medium,https://oldschool.runescape.wiki/images/Ore_pack_%28Giants%27_Foundry%29.png?b30d1
691,Giants' Foundry,Gain 1 unique from the Giants' Foundry,Medium,https://oldschool.runescape.wiki/images/Ore_pack_%28Giants%27_Foundry%29.png?b30d1
692,Gnome Restaurant,Gain 1 unique from the Gnome Restaurant,Easy,https://oldschool.runescape.wiki/images/Mint_cake.png?ccf02
693,Gnome Restaurant,Gain 1 unique from the Gnome Restaurant,Easy,https://oldschool.runescape.wiki/images/Mint_cake.png?ccf02
694,Gnome Restaurant,Gain 1 unique from the Gnome Restaurant,Easy,https://oldschool.runescape.wiki/images/Mint_cake.png?ccf02
695,Gnome Restaurant,Gain 1 unique from the Gnome Restaurant,Easy,https://oldschool.runescape.wiki/images/Mint_cake.png?ccf02
696,Guardians of the Rift,Gain 1 unique from Guardians of the Rift,Medium,https://oldschool.runescape.wiki/images/Lost_bag.png?44078
697,Guardians of the Rift,Gain 1 unique from Guardians of the Rift,Medium,https://oldschool.runescape.wiki/images/Lost_bag.png?44078
698,Guardians of the Rift,Gain 1 unique from Guardians of the Rift,Medium,https://oldschool.runescape.wiki/images/Lost_bag.png?44078
699,Guardians of the Rift,Gain 1 unique from Guardians of the Rift,Medium,https://oldschool.runescape.wiki/images/Lost_bag.png?44078
700,Guardians of the Rift,Gain 1 unique from Guardians of the Rift,Medium,https://oldschool.runescape.wiki/images/Lost_bag.png?44078
701,Guardians of the Rift,Gain 1 unique from Guardians of the Rift,Medium,https://oldschool.runescape.wiki/images/Lost_bag.png?44078
702,Guardians of the Rift,Gain 1 unique from Guardians of the Rift,Medium,https://oldschool.runescape.wiki/images/Lost_bag.png?44078
703,Guardians of the Rift,Gain 1 unique from Guardians of the Rift,Hard,https://oldschool.runescape.wiki/images/Lost_bag.png?44078
704,Guardians of the Rift,Gain 1 unique from Guardians of the Rift,Hard,https://oldschool.runescape.wiki/images/Lost_bag.png?44078
705,Guardians of the Rift,Gain 1 unique from Guardians of the Rift,Hard,https://oldschool.runescape.wiki/images/Lost_bag.png?44078
706,Guardians of the Rift,Gain 1 unique from Guardians of the Rift,Hard,https://oldschool.runescape.wiki/images/Lost_bag.png?44078
707,Guardians of the Rift,Gain 1 unique from Guardians of the Rift,Hard,https://oldschool.runescape.wiki/images/Lost_bag.png?44078
708,Guardians of the Rift,Gain 1 unique from Guardians of the Rift,Elite,https://oldschool.runescape.wiki/images/Lost_bag.png?44078
709,Guardians of the Rift,Gain 1 unique from Guardians of the Rift,Elite,https://oldschool.runescape.wiki/images/Lost_bag.png?44078
710,Guardians of the Rift,Gain 1 unique from Guardians of the Rift,Elite,https://oldschool.runescape.wiki/images/Lost_bag.png?44078
711,Guardians of the Rift,Gain 1 unique from Guardians of the Rift,Elite,https://oldschool.runescape.wiki/images/Lost_bag.png?44078
712,Hallowed Sepulchre,Gain 1 unique from the Hallowed Sepulchre,Elite,https://oldschool.runescape.wiki/images/Hallowed_symbol.png?20d11
713,Hallowed Sepulchre,Gain 1 unique from the Hallowed Sepulchre,Elite,https://oldschool.runescape.wiki/images/Hallowed_symbol.png?20d11
714,Hallowed Sepulchre,Gain 1 unique from the Hallowed Sepulchre,Elite,https://oldschool.runescape.wiki/images/Hallowed_symbol.png?20d11
715,Hallowed Sepulchre,Gain 1 unique from the Hallowed Sepulchre,Elite,https://oldschool.runescape.wiki/images/Hallowed_symbol.png?20d11
716,Hallowed Sepulchre,Gain 1 unique from the Hallowed Sepulchre,Elite,https://oldschool.runescape.wiki/images/Hallowed_symbol.png?20d11
717,Hallowed Sepulchre,Gain 1 unique from the Hallowed Sepulchre,Elite,https://oldschool.runescape.wiki/images/Hallowed_symbol.png?20d11
718,Hallowed Sepulchre,Gain 1 unique from the Hallowed Sepulchre,Elite,https://oldschool.runescape.wiki/images/Hallowed_symbol.png?20d11
719,Hallowed Sepulchre,Gain 1 unique from the Hallowed Sepulchre,Elite,https://oldschool.runescape.wiki/images/Hallowed_symbol.png?20d11
720,Hallowed Sepulchre,Gain 1 unique from the Hallowed Sepulchre,Elite,https://oldschool.runescape.wiki/images/Hallowed_symbol.png?20d11
721,Hallowed Sepulchre,Gain 1 unique from the Hallowed Sepulchre,Elite,https://oldschool.runescape.wiki/images/Hallowed_symbol.png?20d11
722,Hallowed Sepulchre,Gain 1 unique from the Hallowed Sepulchre,Elite,https://oldschool.runescape.wiki/images/Hallowed_symbol.png?20d11
723,Hallowed Sepulchre,Gain 1 unique from the Hallowed Sepulchre,Elite,https://oldschool.runescape.wiki/images/Hallowed_symbol.png?20d11
724,Hallowed Sepulchre,Gain 1 unique from the Hallowed Sepulchre,Master,https://oldschool.runescape.wiki/images/Hallowed_symbol.png?20d11
725,Hallowed Sepulchre,Gain 1 unique from the Hallowed Sepulchre,Master,https://oldschool.runescape.wiki/images/Hallowed_symbol.png?20d11
726,Hallowed Sepulchre,Gain 1 unique from the Hallowed Sepulchre,Master,https://oldschool.runescape.wiki/images/Hallowed_symbol.png?20d11
727,Hallowed Sepulchre,Gain 1 unique from the Hallowed Sepulchre,Master,https://oldschool.runescape.wiki/images/Hallowed_symbol.png?20d11
728,Last Man Standing,Gain 1 unique from Last Man Standing,Easy,https://oldschool.runescape.wiki/images/Victor%27s_cape_%281%29.png?4afbb
729,Last Man Standing,Gain 1 unique from Last Man Standing,Easy,https://oldschool.runescape.wiki/images/Victor%27s_cape_%281%29.png?4afbb
730,Last Man Standing,Gain 1 unique from Last Man Standing,Medium,https://oldschool.runescape.wiki/images/Victor%27s_cape_%281%29.png?4afbb
731,Last Man Standing,Gain 1 unique from Last Man Standing,Medium,https://oldschool.runescape.wiki/images/Victor%27s_cape_%281%29.png?4afbb
732,Last Man Standing,Gain 1 unique from Last Man Standing,Medium,https://oldschool.runescape.wiki/images/Victor%27s_cape_%281%29.png?4afbb
733,Last Man Standing,Gain 1 unique from Last Man Standing,Medium,https://oldschool.runescape.wiki/images/Victor%27s_cape_%281%29.png?4afbb
734,Last Man Standing,Gain 1 unique from Last Man Standing,Medium,https://oldschool.runescape.wiki/images/Victor%27s_cape_%281%29.png?4afbb
735,Last Man Standing,Gain 1 unique from Last Man Standing,Medium,https://oldschool.runescape.wiki/images/Victor%27s_cape_%281%29.png?4afbb
736,Last Man Standing,Gain 1 unique from Last Man Standing,Medium,https://oldschool.runescape.wiki/images/Victor%27s_cape_%281%29.png?4afbb
737,Last Man Standing,Gain 1 unique from Last Man Standing,Medium,https://oldschool.runescape.wiki/images/Victor%27s_cape_%281%29.png?4afbb
738,Last Man Standing,Gain 1 unique from Last Man Standing,Hard,https://oldschool.runescape.wiki/images/Victor%27s_cape_%281%29.png?4afbb
739,Last Man Standing,Gain 1 unique from Last Man Standing,Hard,https://oldschool.runescape.wiki/images/Victor%27s_cape_%281%29.png?4afbb
740,Last Man Standing,Gain 1 unique from Last Man Standing,Hard,https://oldschool.runescape.wiki/images/Victor%27s_cape_%281%29.png?4afbb
741,Last Man Standing,Gain 1 unique from Last Man Standing,Hard,https://oldschool.runescape.wiki/images/Victor%27s_cape_%281%29.png?4afbb
742,Last Man Standing,Gain 1 unique from Last Man Standing,Elite,https://oldschool.runescape.wiki/images/Victor%27s_cape_%281%29.png?4afbb
743,Last Man Standing,Gain 1 unique from Last Man Standing,Elite,https://oldschool.runescape.wiki/images/Victor%27s_cape_%281%29.png?4afbb
744,Last Man Standing,Gain 1 unique from Last Man Standing,Elite,https://oldschool.runescape.wiki/images/Victor%27s_cape_%281%29.png?4afbb
745,Last Man Standing,Gain 1 unique from Last Man Standing,Elite,https://oldschool.runescape.wiki/images/Victor%27s_cape_%281%29.png?4afbb
746,Last Man Standing,Gain 1 unique from Last Man Standing,Elite,https://oldschool.runescape.wiki/images/Victor%27s_cape_%281%29.png?4afbb
747,Last Man Standing,Gain 1 unique from Last Man Standing,Elite,https://oldschool.runescape.wiki/images/Victor%27s_cape_%281%29.png?4afbb
748,Last Man Standing,Gain 1 unique from Last Man Standing,Elite,https://oldschool.runescape.wiki/images/Victor%27s_cape_%281%29.png?4afbb
749,Last Man Standing,Gain 1 unique from Last Man Standing,Elite,https://oldschool.runescape.wiki/images/Victor%27s_cape_%281%29.png?4afbb
750,Last Man Standing,Gain 1 unique from Last Man Standing,Elite,https://oldschool.runescape.wiki/images/Victor%27s_cape_%281%29.png?4afbb
751,Last Man Standing,Gain 1 unique from Last Man Standing,Master,https://oldschool.runescape.wiki/images/Victor%27s_cape_%281%29.png?4afbb
752,Last Man Standing,Gain 1 unique from Last Man Standing,Master,https://oldschool.runescape.wiki/images/Victor%27s_cape_%281%29.png?4afbb
753,Last Man Standing,Gain 1 unique from Last Man Standing,Master,https://oldschool.runescape.wiki/images/Victor%27s_cape_%281%29.png?4afbb
754,Last Man Standing,Gain 1 unique from Last Man Standing,Master,https://oldschool.runescape.wiki/images/Victor%27s_cape_%281%29.png?4afbb
755,Last Man Standing,Gain 1 unique from Last Man Standing,Master,https://oldschool.runescape.wiki/images/Victor%27s_cape_%281%29.png?4afbb
756,Last Man Standing,Gain 1 unique from Last Man Standing,Master,https://oldschool.runescape.wiki/images/Victor%27s_cape_%281%29.png?4afbb
757,Last Man Standing,Gain 1 unique from Last Man Standing,Master,https://oldschool.runescape.wiki/images/Victor%27s_cape_%281%29.png?4afbb
758,Last Man Standing,Gain 1 unique from Last Man Standing,Master,https://oldschool.runescape.wiki/images/Victor%27s_cape_%281%29.png?4afbb
759,Last Man Standing,Gain 1 unique from Last Man Standing,Master,https://oldschool.runescape.wiki/images/Victor%27s_cape_%281%29.png?4afbb
760,Mahogany Homes,Gain 1 unique from Mahogany Homes,Easy,https://oldschool.runescape.wiki/images/Plank_sack.png?b225e
761,Mahogany Homes,Gain 1 unique from Mahogany Homes,Medium,https://oldschool.runescape.wiki/images/Plank_sack.png?b225e
762,Mahogany Homes,Gain 1 unique from Mahogany Homes,Medium,https://oldschool.runescape.wiki/images/Plank_sack.png?b225e
763,Mahogany Homes,Gain 1 unique from Mahogany Homes,Hard,https://oldschool.runescape.wiki/images/Plank_sack.png?b225e
764,Mahogany Homes,Gain 1 unique from Mahogany Homes,Hard,https://oldschool.runescape.wiki/images/Plank_sack.png?b225e
765,Mahogany Homes,Gain 1 unique from Mahogany Homes,Hard,https://oldschool.runescape.wiki/images/Plank_sack.png?b225e
766,Mahogany Homes,Gain 1 unique from Mahogany Homes,Hard,https://oldschool.runescape.wiki/images/Plank_sack.png?b225e
767,Mahogany Homes,Gain 1 unique from Mahogany Homes,Hard,https://oldschool.runescape.wiki/images/Plank_sack.png?b225e
768,Mastering Mixology,Gain 1 unique from Mastering Mixology,Medium,https://oldschool.runescape.wiki/images/Prescription_goggles_%28unfocused%29.png?bb51b
769,Mastering Mixology,Gain 1 unique from Mastering Mixology,Medium,https://oldschool.runescape.wiki/images/Prescription_goggles_%28unfocused%29.png?bb51b
770,Mastering Mixology,Gain 1 unique from Mastering Mixology,Medium,https://oldschool.runescape.wiki/images/Prescription_goggles_%28unfocused%29.png?bb51b
771,Mastering Mixology,Gain 1 unique from Mastering Mixology,Hard,https://oldschool.runescape.wiki/images/Prescription_goggles_%28unfocused%29.png?bb51b
772,Mastering Mixology,Gain 1 unique from Mastering Mixology,Hard,https://oldschool.runescape.wiki/images/Prescription_goggles_%28unfocused%29.png?bb51b
773,Mastering Mixology,Gain 1 unique from Mastering Mixology,Hard,https://oldschool.runescape.wiki/images/Prescription_goggles_%28unfocused%29.png?bb51b
774,Mastering Mixology,Gain 1 unique from Mastering Mixology,Hard,https://oldschool.runescape.wiki/images/Prescription_goggles_%28unfocused%29.png?bb51b
775,Pest Control,Gain 1 unique from Pest Control,Easy,https://oldschool.runescape.wiki/images/Void_seal.png?b7686
776,Pest Control,Gain 1 unique from Pest Control,Medium,https://oldschool.runescape.wiki/images/Void_seal.png?b7686
777,Pest Control,Gain 1 unique from Pest Control,Medium,https://oldschool.runescape.wiki/images/Void_seal.png?b7686
778,Pest Control,Gain 1 unique from Pest Control,Medium,https://oldschool.runescape.wiki/images/Void_seal.png?b7686
779,Pest Control,Gain 1 unique from Pest Control,Medium,https://oldschool.runescape.wiki/images/Void_seal.png?b7686
780,Pest Control,Gain 1 unique from Pest Control,Medium,https://oldschool.runescape.wiki/images/Void_seal.png?b7686
781,Pest Control,Gain 1 unique from Pest Control,Medium,https://oldschool.runescape.wiki/images/Void_seal.png?b7686
782,Pest Control,Gain 1 unique from Pest Control,Medium,https://oldschool.runescape.wiki/images/Void_seal.png?b7686
783,Pest Control,Gain 1 unique from Pest Control,Elite,https://oldschool.runescape.wiki/images/Void_seal.png?b7686
784,Pest Control,Gain 1 unique from Pest Control,Elite,https://oldschool.runescape.wiki/images/Void_seal.png?b7686
785,Rogues' Den,Gain 1 unique from Rogue's Den,Easy,https://oldschool.runescape.wiki/images/Rogue_mask.png?43f24
786,Rogues' Den,Gain 1 unique from Rogue's Den,Easy,https://oldschool.runescape.wiki/images/Rogue_mask.png?43f24
787,Rogues' Den,Gain 1 unique from Rogue's Den,Easy,https://oldschool.runescape.wiki/images/Rogue_mask.png?43f24
788,Rogues' Den,Gain 1 unique from Rogue's Den,Medium,https://oldschool.runescape.wiki/images/Rogue_mask.png?43f24
789,Rogues' Den,Gain 1 unique from Rogue's Den,Medium,https://oldschool.runescape.wiki/images/Rogue_mask.png?43f24
790,Shades of Mort'ton,Gain 1 unique from Shades of Mort'ton,Medium,https://oldschool.runescape.wiki/images/Gold_locks.png?fc2ef
791,Shades of Mort'ton,Gain 1 unique from Shades of Mort'ton,Medium,https://oldschool.runescape.wiki/images/Gold_locks.png?fc2ef
792,Shades of Mort'ton,Gain 1 unique from Shades of Mort'ton,Medium,https://oldschool.runescape.wiki/images/Gold_locks.png?fc2ef
793,Shades of Mort'ton,Gain 1 unique from Shades of Mort'ton,Medium,https://oldschool.runescape.wiki/images/Gold_locks.png?fc2ef
794,Shades of Mort'ton,Gain 1 unique from Shades of Mort'ton,Hard,https://oldschool.runescape.wiki/images/Gold_locks.png?fc2ef
795,Shades of Mort'ton,Gain 1 unique from Shades of Mort'ton,Hard,https://oldschool.runescape.wiki/images/Gold_locks.png?fc2ef
796,Shades of Mort'ton,Gain 1 unique from Shades of Mort'ton,Hard,https://oldschool.runescape.wiki/images/Gold_locks.png?fc2ef
797,Shades of Mort'ton,Gain 1 unique from Shades of Mort'ton,Hard,https://oldschool.runescape.wiki/images/Gold_locks.png?fc2ef
798,Shades of Mort'ton,Gain 1 unique from Shades of Mort'ton,Hard,https://oldschool.runescape.wiki/images/Gold_locks.png?fc2ef
799,Shades of Mort'ton,Gain 1 unique from Shades of Mort'ton,Hard,https://oldschool.runescape.wiki/images/Gold_locks.png?fc2ef
800,Shades of Mort'ton,Gain 1 unique from Shades of Mort'ton,Hard,https://oldschool.runescape.wiki/images/Gold_locks.png?fc2ef
801,Shades of Mort'ton,Gain 1 unique from Shades of Mort'ton,Hard,https://oldschool.runescape.wiki/images/Gold_locks.png?fc2ef
802,Shades of Mort'ton,Gain 1 unique from Shades of Mort'ton,Hard,https://oldschool.runescape.wiki/images/Gold_locks.png?fc2ef
803,Shades of Mort'ton,Gain 1 unique from Shades of Mort'ton,Hard,https://oldschool.runescape.wiki/images/Gold_locks.png?fc2ef
804,Soul Wars,Gain 1 unique from Soul Wars,Medium,https://oldschool.runescape.wiki/images/Ectoplasmator.png?0a875
805,Soul Wars,Gain 1 unique from Soul Wars,Elite,https://oldschool.runescape.wiki/images/Ectoplasmator.png?0a875
806,Soul Wars,Gain 1 unique from Soul Wars,Master,https://oldschool.runescape.wiki/images/Ectoplasmator.png?0a875
807,Lumberjack,Obtain the full Lumberjack outfit,Medium,https://oldschool.runescape.wiki/images/Lumberjack_top.png?8bd5a
808,Tithe Farm,Gain 1 unique from Tithe Farm,Medium,https://oldschool.runescape.wiki/images/Gricoller%27s_can.png?c3bde
809,Tithe Farm,Gain 1 unique from Tithe Farm,Medium,https://oldschool.runescape.wiki/images/Gricoller%27s_can.png?c3bde
810,Tithe Farm,Gain 1 unique from Tithe Farm,Medium,https://oldschool.runescape.wiki/images/Gricoller%27s_can.png?c3bde
811,Tithe Farm,Gain 1 unique from Tithe Farm,Hard,https://oldschool.runescape.wiki/images/Gricoller%27s_can.png?c3bde
812,Tithe Farm,Gain 1 unique from Tithe Farm,Hard,https://oldschool.runescape.wiki/images/Gricoller%27s_can.png?c3bde
813,Tithe Farm,Gain 1 unique from Tithe Farm,Hard,https://oldschool.runescape.wiki/images/Gricoller%27s_can.png?c3bde
814,Tithe Farm,Gain 1 unique from Tithe Farm,Hard,https://oldschool.runescape.wiki/images/Gricoller%27s_can.png?c3bde
815,Trouble Brewing,Gain 3 uniques from Trouble Brewing,Medium,https://oldschool.runescape.wiki/images/Rum_%28red%29.png?e2ec4
816,Trouble Brewing,Gain 3 uniques from Trouble Brewing,Medium,https://oldschool.runescape.wiki/images/Rum_%28red%29.png?e2ec4
817,Trouble Brewing,Gain 3 uniques from Trouble Brewing,Medium,https://oldschool.runescape.wiki/images/Rum_%28red%29.png?e2ec4
818,Trouble Brewing,Gain 3 uniques from Trouble Brewing,Medium,https://oldschool.runescape.wiki/images/Rum_%28red%29.png?e2ec4
819,Trouble Brewing,Gain 3 uniques from Trouble Brewing,Medium,https://oldschool.runescape.wiki/images/Rum_%28red%29.png?e2ec4
820,Trouble Brewing,Gain 3 uniques from Trouble Brewing,Medium,https://oldschool.runescape.wiki/images/Rum_%28red%29.png?e2ec4
821,Trouble Brewing,Gain 3 uniques from Trouble Brewing,Hard,https://oldschool.runescape.wiki/images/Rum_%28red%29.png?e2ec4
822,Trouble Brewing,Gain 3 uniques from Trouble Brewing,Hard,https://oldschool.runescape.wiki/images/Rum_%28red%29.png?e2ec4
823,Trouble Brewing,Gain 3 uniques from Trouble Brewing,Hard,https://oldschool.runescape.wiki/images/Rum_%28red%29.png?e2ec4
824,Trouble Brewing,Gain 3 uniques from Trouble Brewing,Hard,https://oldschool.runescape.wiki/images/Rum_%28red%29.png?e2ec4
825,Vale Totems,Gain 1 unique from Vale Totems,Easy,https://oldschool.runescape.wiki/images/Fletching_knife.png?bf437
826,Vale Totems,Gain 1 unique from Vale Totems,Medium,https://oldschool.runescape.wiki/images/Fletching_knife.png?bf437
827,Vale Totems,Gain 1 unique from Vale Totems,Medium,https://oldschool.runescape.wiki/images/Fletching_knife.png?bf437
828,Vale Totems,Gain 1 unique from Vale Totems,Medium,https://oldschool.runescape.wiki/images/Fletching_knife.png?bf437
829,Volcanic Mine,Gain 1 unique from the Volcanic Mine (Not Prospector),Hard,https://oldschool.runescape.wiki/images/Heat-proof_vessel.png?e75c0
830,Volcanic Mine,Gain 1 unique from the Volcanic Mine (Not Prospector),Hard,https://oldschool.runescape.wiki/images/Heat-proof_vessel.png?e75c0
831,Volcanic Mine,Gain 1 unique from the Volcanic Mine (Not Prospector),Hard,https://oldschool.runescape.wiki/images/Heat-proof_vessel.png?e75c0
832,Volcanic Mine,Gain 1 unique from the Volcanic Mine (Not Prospector),Hard,https://oldschool.runescape.wiki/images/Heat-proof_vessel.png?e75c0
833,Prospector Outfit,Gain 1 piece of the Prospector Outfit,Medium,https://oldschool.runescape.wiki/images/Prospector_helmet.png?e2ec4
834,Prospector Outfit,Gain 1 piece of the Prospector Outfit,Medium,https://oldschool.runescape.wiki/images/Prospector_helmet.png?e2ec4
835,Prospector Outfit,Gain 1 piece of the Prospector Outfit,Medium,https://oldschool.runescape.wiki/images/Prospector_helmet.png?e2ec4
836,Prospector Outfit,Gain 1 piece of the Prospector Outfit,Medium,https://oldschool.runescape.wiki/images/Prospector_helmet.png?e2ec4
837,Aerial Fishing,Gain 1 unique from Aerial Fishing (Not Angler),Hard,https://oldschool.runescape.wiki/images/Golden_tench.png?923a0
838,Aerial Fishing,Gain 1 unique from Aerial Fishing (Not Angler),Hard,https://oldschool.runescape.wiki/images/Golden_tench.png?923a0
839,Aerial Fishing,Gain 1 unique from Aerial Fishing (Not Angler),Hard,https://oldschool.runescape.wiki/images/Golden_tench.png?923a0
840,Aerial Fishing,Gain 1 unique from Aerial Fishing (Not Angler),Hard,https://oldschool.runescape.wiki/images/Golden_tench.png?923a0
841,Aerial Fishing,Gain 1 unique from Aerial Fishing (Not Angler),Hard,https://oldschool.runescape.wiki/images/Golden_tench.png?923a0
842,Ruins of Camdozaal,Gain 2 uniques from the Ruins of Camdozaal,Beginner,https://oldschool.runescape.wiki/images/Barronite_mace.png?81129
843,Ruins of Camdozaal,Gain 2 uniques from the Ruins of Camdozaal,Beginner,https://oldschool.runescape.wiki/images/Barronite_mace.png?81129
844,Ruins of Camdozaal,Gain 2 uniques from the Ruins of Camdozaal,Easy,https://oldschool.runescape.wiki/images/Barronite_mace.png?81129
845,Ruins of Camdozaal,Gain 2 uniques from the Ruins of Camdozaal,Easy,https://oldschool.runescape.wiki/images/Barronite_mace.png?81129
846,Ruins of Camdozaal,Gain 2 uniques from the Ruins of Camdozaal,Easy,https://oldschool.runescape.wiki/images/Barronite_mace.png?81129
847,Champion's Challenge,Gain 1 unique champion scroll,Passive,https://oldschool.runescape.wiki/images/Imp_champion_scroll.png?f36f9
848,Champion's Challenge,Gain 1 unique champion scroll,Passive,https://oldschool.runescape.wiki/images/Imp_champion_scroll.png?f36f9
849,Champion's Challenge,Gain 1 unique champion scroll,Passive,https://oldschool.runescape.wiki/images/Imp_champion_scroll.png?f36f9
850,Champion's Challenge,Gain 1 unique champion scroll,Passive,https://oldschool.runescape.wiki/images/Imp_champion_scroll.png?f36f9
851,Champion's Challenge,Gain 1 unique champion scroll,Passive,https://oldschool.runescape.wiki/images/Imp_champion_scroll.png?f36f9
852,Champion's Challenge,Gain 1 unique champion scroll,Passive,https://oldschool.runescape.wiki/images/Imp_champion_scroll.png?f36f9
853,Champion's Challenge,Gain 1 unique champion scroll,Passive,https://oldschool.runescape.wiki/images/Imp_champion_scroll.png?f36f9
854,Champion's Challenge,Gain 1 unique champion scroll,Passive,https://oldschool.runescape.wiki/images/Imp_champion_scroll.png?f36f9
855,Champion's Challenge,Gain 1 unique champion scroll,Passive,https://oldschool.runescape.wiki/images/Imp_champion_scroll.png?f36f9
856,Champion's Challenge,Gain 1 unique champion scroll,Passive,https://oldschool.runescape.wiki/images/Imp_champion_scroll.png?f36f9
857,Champion's Challenge,Gain 1 unique champion scroll,Passive,https://oldschool.runescape.wiki/images/Imp_champion_scroll.png?f36f9
858,Chompy Bird Hunting,Gain 2 uniques from Chompy Bird Hunting,Easy,https://oldschool.runescape.wiki/images/Chompy_chick.png?36657
859,Chompy Bird Hunting,Gain 2 uniques from Chompy Bird Hunting,Easy,https://oldschool.runescape.wiki/images/Chompy_chick.png?36657
860,Chompy Bird Hunting,Gain 2 uniques from Chompy Bird Hunting,Medium,https://oldschool.runescape.wiki/images/Chompy_chick.png?36657
861,Chompy Bird Hunting,Gain 2 uniques from Chompy Bird Hunting,Medium,https://oldschool.runescape.wiki/images/Chompy_chick.png?36657
862,Chompy Bird Hunting,Gain 2 uniques from Chompy Bird Hunting,Medium,https://oldschool.runescape.wiki/images/Chompy_chick.png?36657
863,Chompy Bird Hunting,Gain 2 uniques from Chompy Bird Hunting,Medium,https://oldschool.runescape.wiki/images/Chompy_chick.png?36657
864,Chompy Bird Hunting,Gain 2 uniques from Chompy Bird Hunting,Hard,https://oldschool.runescape.wiki/images/Chompy_chick.png?36657
865,Chompy Bird Hunting,Gain 2 uniques from Chompy Bird Hunting,Hard,https://oldschool.runescape.wiki/images/Chompy_chick.png?36657
866,Chompy Bird Hunting,Gain 2 uniques from Chompy Bird Hunting,Hard,https://oldschool.runescape.wiki/images/Chompy_chick.png?36657
867,Chompy Bird Hunting,Gain 1 unique from Chompy Bird Hunting,Master,https://oldschool.runescape.wiki/images/Chompy_chick.png?36657
868,Colossal Wyrm Agility,Gain 1 unique from Colossal Wyrm Agility,Easy,https://oldschool.runescape.wiki/images/Termites.png?942fb
869,Colossal Wyrm Agility,Gain 1 unique from Colossal Wyrm Agility,Hard,https://oldschool.runescape.wiki/images/Termites.png?942fb
870,Colossal Wyrm Agility,Gain 6 uniques from Colossal Wyrm Agility,Elite,https://oldschool.runescape.wiki/images/Termites.png?942fb
871,Creature Creation,Gain 1 unique from Creature Creation,Beginner,https://oldschool.runescape.wiki/images/Rune_satchel.png?4ffaa
872,Creature Creation,Gain 1 unqiue from Creature Creation,Beginner,https://oldschool.runescape.wiki/images/Rune_satchel.png?4ffaa
873,Creature Creation,Gain 1 unqiue from Creature Creation,Beginner,https://oldschool.runescape.wiki/images/Rune_satchel.png?4ffaa
874,Creature Creation,Gain 1 unqiue from Creature Creation,Beginner,https://oldschool.runescape.wiki/images/Rune_satchel.png?4ffaa
875,Creature Creation,Gain 1 unqiue from Creature Creation,Beginner,https://oldschool.runescape.wiki/images/Rune_satchel.png?4ffaa
876,Creature Creation,Gain 1 unqiue from Creature Creation,Beginner,https://oldschool.runescape.wiki/images/Rune_satchel.png?4ffaa
877,Creature Creation,Gain 1 unqiue from Creature Creation,Beginner,https://oldschool.runescape.wiki/images/Rune_satchel.png?4ffaa
878,Cyclopes,Gain 7 uniques from Cyclopes,Medium,https://oldschool.runescape.wiki/images/Rune_defender.png?ce07d
879,Cyclopes,Gain 1 uniques from Cyclopes,Hard,https://oldschool.runescape.wiki/images/Dragon_defender.png?3a184
880,Elder Chaos Druids,Gain 1 unique from Elder Chaos Druids,Elite,https://oldschool.runescape.wiki/images/Elder_chaos_hood.png?0a875
881,Elder Chaos Druids,Gain 1 unique from Elder Chaos Druids,Elite,https://oldschool.runescape.wiki/images/Elder_chaos_hood.png?0a875
882,Elder Chaos Druids,Gain 1 unique from Elder Chaos Druids,Elite,https://oldschool.runescape.wiki/images/Elder_chaos_hood.png?0a875
883,Forestry,Gain 1 unique from Forestly (Not lumberjack),Beginner,https://oldschool.runescape.wiki/images/Pheasant_cape.png?5e361
884,Forestry,Gain 1 unique from Forestry (Not lumberjack),Easy,https://oldschool.runescape.wiki/images/Pheasant_cape.png?5e361
885,Forestry,Gain 1 unique from Forestry (Not lumberjack),Easy,https://oldschool.runescape.wiki/images/Pheasant_cape.png?5e361
886,Forestry,Gain 1 unique from Forestry (Not lumberjack),Medium,https://oldschool.runescape.wiki/images/Pheasant_cape.png?5e361
887,Forestry,Gain 1 unique from Forestry (Not lumberjack),Medium,https://oldschool.runescape.wiki/images/Pheasant_cape.png?5e361
888,Forestry,Gain 1 unique from Forestry (Not lumberjack),Medium,https://oldschool.runescape.wiki/images/Pheasant_cape.png?5e361
889,Forestry,Gain 1 unique from Forestry (Not lumberjack),Medium,https://oldschool.runescape.wiki/images/Pheasant_cape.png?5e361
890,Forestry,Gain 1 unique from Forestry (Not lumberjack),Medium,https://oldschool.runescape.wiki/images/Pheasant_cape.png?5e361
891,Forestry,Gain 1 unique from Forestry (Not lumberjack),Medium,https://oldschool.runescape.wiki/images/Pheasant_cape.png?5e361
892,Forestry,Gain 1 unique from Forestry (Not lumberjack),Hard,https://oldschool.runescape.wiki/images/Pheasant_cape.png?5e361
893,Forestry,Gain 1 unique from Forestry (Not lumberjack),Hard,https://oldschool.runescape.wiki/images/Pheasant_cape.png?5e361
894,Forestry,Gain 1 unique from Forestry (Not lumberjack),Hard,https://oldschool.runescape.wiki/images/Pheasant_cape.png?5e361
895,Forestry,Gain 1 unique from Forestry (Not lumberjack),Hard,https://oldschool.runescape.wiki/images/Pheasant_cape.png?5e361
896,Forestry,Gain 1 unique from Forestry (Not lumberjack),Hard,https://oldschool.runescape.wiki/images/Pheasant_cape.png?5e361
897,Forestry,Gain 1 unique from Forestry (Not lumberjack),Hard,https://oldschool.runescape.wiki/images/Pheasant_cape.png?5e361
898,Forestry,Gain 1 unique from Forestry (Not lumberjack),Hard,https://oldschool.runescape.wiki/images/Pheasant_cape.png?5e361
899,Forestry,Gain 1 unique from Forestry (Not lumberjack),Elite,https://oldschool.runescape.wiki/images/Pheasant_cape.png?5e361
900,Forestry,Gain 1 unique from Forestry (Not lumberjack),Elite,https://oldschool.runescape.wiki/images/Pheasant_cape.png?5e361
901,Forestry,Gain 1 unique from Forestry (Not lumberjack),Elite,https://oldschool.runescape.wiki/images/Pheasant_cape.png?5e361
902,Fossil Island Notes,Gain 2 uniques from the Fossil Island Notes,Easy,https://oldschool.runescape.wiki/images/Partial_note.png?85699
903,Fossil Island Notes,Gain 2 uniques from the Fossil Island Notes,Easy,https://oldschool.runescape.wiki/images/Partial_note.png?85699
904,Fossil Island Notes,Gain 2 uniques from the Fossil Island Notes,Medium,https://oldschool.runescape.wiki/images/Partial_note.png?85699
905,Fossil Island Notes,Gain 2 uniques from the Fossil Island Notes,Medium,https://oldschool.runescape.wiki/images/Partial_note.png?85699
906,Fossil Island Notes,Gain 2 uniques from the Fossil Island Notes,Medium,https://oldschool.runescape.wiki/images/Partial_note.png?85699
907,Fossil Island Notes,Gain 2 uniques from the Fossil Island Notes,Medium,https://oldschool.runescape.wiki/images/Partial_note.png?85699
908,Demonic Gorillas,Gain 1 unique from Glough's Experiments,Hard,https://oldschool.runescape.wiki/images/Zenyte_shard.png?8abb8
909,Demonic Gorillas,Gain 1 unique from Glough's Experiments,Hard,https://oldschool.runescape.wiki/images/Zenyte_shard.png?8abb8
910,Demonic Gorillas,Gain 1 unique from Glough's Experiments,Elite,https://oldschool.runescape.wiki/images/Zenyte_shard.png?8abb8
911,Demonic Gorillas,Gain 1 unique from Glough's Experiments,Elite,https://oldschool.runescape.wiki/images/Zenyte_shard.png?8abb8
912,Demonic Gorillas,Gain 1 unique from Glough's Experiments,Elite,https://oldschool.runescape.wiki/images/Zenyte_shard.png?8abb8
913,Demonic Gorillas,Gain 1 unique from Glough's Experiments,Elite,https://oldschool.runescape.wiki/images/Zenyte_shard.png?8abb8
914,Hunter Guild,Gain 1 unique from the Hunter Guild,Medium,https://oldschool.runescape.wiki/images/Quetzin.png?2aa36
915,Hunter Guild,Gain 1 unique from the Hunter Guild,Medium,https://oldschool.runescape.wiki/images/Quetzin.png?2aa36
916,Hunter Guild,Gain 1 unique from the Hunter Guild,Hard,https://oldschool.runescape.wiki/images/Quetzin.png?2aa36
917,Hunter Guild,Gain 1 unique from the Hunter Guild,Hard,https://oldschool.runescape.wiki/images/Quetzin.png?2aa36
918,Hunter Guild,Gain 1 unique from the Hunter Guild,Medium,https://oldschool.runescape.wiki/images/Quetzin.png?2aa36
919,Hunter Guild,Gain 1 unique from the Hunter Guild,Master,https://oldschool.runescape.wiki/images/Quetzin.png?2aa36
920,Monkey Backpacks,Gain 1 unique Monkey Backpack,Medium,https://oldschool.runescape.wiki/images/Karamjan_monkey_%28item%29.png?863e0
921,Monkey Backpacks,Gain 1 unique Monkey Backpack,Medium,https://oldschool.runescape.wiki/images/Karamjan_monkey_%28item%29.png?863e0
922,Monkey Backpacks,Gain 1 unique Monkey Backpack,Hard,https://oldschool.runescape.wiki/images/Karamjan_monkey_%28item%29.png?863e0
923,Monkey Backpacks,Gain 1 unique Monkey Backpack,Hard,https://oldschool.runescape.wiki/images/Karamjan_monkey_%28item%29.png?863e0
924,Monkey Backpacks,Gain 1 unique Monkey Backpack,Elite,https://oldschool.runescape.wiki/images/Karamjan_monkey_%28item%29.png?863e0
925,Monkey Backpacks,Gain 1 unique Monkey Backpack,Elite,https://oldschool.runescape.wiki/images/Karamjan_monkey_%28item%29.png?863e0
926,Motherlode Mine,Gain 1 unique from the Motherlode Mine (Not prospector),Medium,https://oldschool.runescape.wiki/images/Coal_bag.png?09bb0
927,Motherlode Mine,Gain 1 unique from the Motherlode Mine (Not prospector),Medium,https://oldschool.runescape.wiki/images/Coal_bag.png?09bb0
928,My Notes,Gain 2 unique notes,Hard,https://oldschool.runescape.wiki/images/Ancient_page.png?45b61
929,My Notes,Gain 4 unique notes,Elite,https://oldschool.runescape.wiki/images/Ancient_page.png?45b61
930,My Notes,Gain 4 unique notes,Elite,https://oldschool.runescape.wiki/images/Ancient_page.png?45b61
931,My Notes,Gain 4 unique notes,Elite,https://oldschool.runescape.wiki/images/Ancient_page.png?45b61
932,My Notes,Gain 4 unique notes,Elite,https://oldschool.runescape.wiki/images/Ancient_page.png?45b61
933,My Notes,Gain 4 unique notes,Elite,https://oldschool.runescape.wiki/images/Ancient_page.png?45b61
934,My Notes,Gain 4 unique notes,Elite,https://oldschool.runescape.wiki/images/Ancient_page.png?45b61
935,Random Events,Gain 3 unique Random Event items,Passive,https://oldschool.runescape.wiki/images/Camo_top.png?56d17
936,Random Events,Gain 3 unique Random Event items,Passive,https://oldschool.runescape.wiki/images/Camo_top.png?56d17
937,Random Events,Gain 3 unique Random Event items,Passive,https://oldschool.runescape.wiki/images/Camo_top.png?56d17
938,Random Events,Gain 3 unique Random Event items,Passive,https://oldschool.runescape.wiki/images/Camo_top.png?56d17
939,Random Events,Gain 3 unique Random Event items,Passive,https://oldschool.runescape.wiki/images/Camo_top.png?56d17
940,Random Events,Gain 3 unique Random Event items,Passive,https://oldschool.runescape.wiki/images/Camo_top.png?56d17
941,Random Events,Gain 3 unique Random Event items,Passive,https://oldschool.runescape.wiki/images/Camo_top.png?56d17
942,Random Events,Gain 2 unique Random Event items,Passive,https://oldschool.runescape.wiki/images/Camo_top.png?56d17
943,Revenants,Gain 1 unique from Revenants,Medium,https://oldschool.runescape.wiki/images/Ancient_statuette.png?cbe92
944,Revenants,Gain 1 unique from Revenants,Medium,https://oldschool.runescape.wiki/images/Ancient_statuette.png?cbe92
945,Revenants,Gain 1 unique from Revenants,Hard,https://oldschool.runescape.wiki/images/Ancient_statuette.png?cbe92
946,Revenants,Gain 1 unique from Revenants,Hard,https://oldschool.runescape.wiki/images/Ancient_statuette.png?cbe92
947,Revenants,Gain 1 unique from Revenants,Hard,https://oldschool.runescape.wiki/images/Ancient_statuette.png?cbe92
948,Revenants,Gain 1 unique from Revenants,Hard,https://oldschool.runescape.wiki/images/Ancient_statuette.png?cbe92
949,Revenants,Gain 1 unique from Revenants,Hard,https://oldschool.runescape.wiki/images/Ancient_statuette.png?cbe92
950,Revenants,Gain 1 unique from Revenants,Elite,https://oldschool.runescape.wiki/images/Ancient_statuette.png?cbe92
951,Revenants,Gain 1 unique from Revenants,Elite,https://oldschool.runescape.wiki/images/Ancient_statuette.png?cbe92
952,Revenants,Gain 1 unique from Revenants,Elite,https://oldschool.runescape.wiki/images/Ancient_statuette.png?cbe92
953,Revenants,Gain 1 unique from Revenants,Master,https://oldschool.runescape.wiki/images/Ancient_statuette.png?cbe92
954,Revenants,Gain 1 unique from Revenants,Master,https://oldschool.runescape.wiki/images/Ancient_statuette.png?cbe92
955,Revenants,Gain 1 unique from Revenants,Master,https://oldschool.runescape.wiki/images/Ancient_statuette.png?cbe92
956,Revenants,Gain 1 unique from Revenants,Master,https://oldschool.runescape.wiki/images/Ancient_statuette.png?cbe92
957,Rooftop Agility,Gain 1 unique from Rooftop Agility,Beginner,https://oldschool.runescape.wiki/images/Mark_of_grace.png?717ea
958,Rooftop Agility,Gain 1 unique from Rooftop Agility,Easy,https://oldschool.runescape.wiki/images/Mark_of_grace.png?717ea
959,Rooftop Agility,Gain 1 unique from Rooftop Agility,Easy,https://oldschool.runescape.wiki/images/Mark_of_grace.png?717ea
960,Rooftop Agility,Gain 1 unique from Rooftop Agility,Medium,https://oldschool.runescape.wiki/images/Mark_of_grace.png?717ea
961,Rooftop Agility,Gain 1 unique from Rooftop Agility,Medium,https://oldschool.runescape.wiki/images/Mark_of_grace.png?717ea
962,Rooftop Agility,Gain 1 unique from Rooftop Agility,Medium,https://oldschool.runescape.wiki/images/Mark_of_grace.png?717ea
963,Rooftop Agility,Gain 1 unique from Rooftop Agility,Medium,https://oldschool.runescape.wiki/images/Mark_of_grace.png?717ea
964,Shayzien Armour,Gain the next tier of Shayzien Armour,Easy,https://oldschool.runescape.wiki/images/Shayzien_body_%285%29.png?847d4
965,Shayzien Armour,Gain the next tier of Shayzien Armour,Easy,https://oldschool.runescape.wiki/images/Shayzien_body_%285%29.png?847d4
966,Shayzien Armour,Gain the next tier of Shayzien Armour,Easy,https://oldschool.runescape.wiki/images/Shayzien_body_%285%29.png?847d4
967,Shayzien Armour,Gain the next tier of Shayzien Armour,Medium,https://oldschool.runescape.wiki/images/Shayzien_body_%285%29.png?847d4
968,Shayzien Armour,Gain the next tier of Shayzien Armour,Medium,https://oldschool.runescape.wiki/images/Shayzien_body_%285%29.png?847d4
969,Shooting Stars,Gain 1 unique from Shooting Stars,Easy,https://oldschool.runescape.wiki/images/Stardust_175.png?d7a80
970,Shooting Stars,Gain 1 unique from Shooting Stars,Easy,https://oldschool.runescape.wiki/images/Stardust_175.png?d7a80
971,Skilling Pet,Gain 1 unique Skilling Pet,Passive,https://oldschool.runescape.wiki/images/Fishbowl_%28blue%29.png?5abba
972,Skilling Pet,Gain 1 unique Skilling Pet,Passive,https://oldschool.runescape.wiki/images/Fishbowl_%28blue%29.png?5abba
973,Skilling Pet,Gain 1 unique Skilling Pet,Passive,https://oldschool.runescape.wiki/images/Fishbowl_%28blue%29.png?5abba
974,Skilling Pet,Gain 1 unique Skilling Pet,Passive,https://oldschool.runescape.wiki/images/Fishbowl_%28blue%29.png?5abba
975,Skilling Pet,Gain 1 unique Skilling Pet,Passive,https://oldschool.runescape.wiki/images/Fishbowl_%28blue%29.png?5abba
976,Skilling Pet,Gain 1 unique Skilling Pet,Passive,https://oldschool.runescape.wiki/images/Fishbowl_%28blue%29.png?5abba
977,Skilling Pet,Gain 1 unique Skilling Pet,Passive,https://oldschool.runescape.wiki/images/Fishbowl_%28blue%29.png?5abba
978,Skilling Pet,Gain 1 unique Skilling Pet,Passive,https://oldschool.runescape.wiki/images/Fishbowl_%28blue%29.png?5abba
979,Stuffed Head,Gain a new stuffed head,Easy,https://oldschool.runescape.wiki/images/Crawling_hand_%28item%29.png?5352a
980,Stuffed Head,Gain a new stuffed head,Medium,https://oldschool.runescape.wiki/images/Cockatrice_head.png?09bb0
981,Stuffed Head,Gain a new stuffed head,Hard,https://oldschool.runescape.wiki/images/Basilisk_head.png?3be33
982,Stuffed Head,Gain a new stuffed head,Hard,https://oldschool.runescape.wiki/images/Kurask_head.png?e1c79
983,Stuffed Head,Gain a new stuffed head,Elite,https://oldschool.runescape.wiki/images/Abyssal_head.png?c04be
984,Imbued Heart,Obtain an Imbued Heart,Passive,https://oldschool.runescape.wiki/images/Imbued_heart.png?19317
985,Eternal Gem,Obtain an Eternal Gem,Passive,https://oldschool.runescape.wiki/images/Eternal_gem.png?b8cf0
986,Dust Battlestaff,Obtain a Dust Battlestaff,Passive,https://oldschool.runescape.wiki/images/Dust_battlestaff.png?5eb13
987,Mist battlestaff,Obtain a Mist Battlestaff,Passive,https://oldschool.runescape.wiki/images/Mist_battlestaff.png?92ebd
988,Abyssal Whip,Obtain an Abyssal Whip,Elite,https://oldschool.runescape.wiki/images/Abyssal_whip.png?727e9
989,Granite Maul,Obtain a Granite Maul,Elite,https://oldschool.runescape.wiki/images/Granite_maul.png?e75c0
990,Mogre Cosplay,Obtain the Mudskipper Hat and Flippers,Easy,https://oldschool.runescape.wiki/images/Mudskipper_hat.png?7027d
991,Brine Sabre,Obtain a Brine Sabre,Medium,https://oldschool.runescape.wiki/images/Brine_sabre.png?05d25
992,Leaf-bladed,Obtain a unique Lead-bladed Weapon,Hard,https://oldschool.runescape.wiki/images/Leaf-bladed_sword.png?fa8bd
993,Leaf-bladed,Obtain a unique Lead-bladed Weapon,Hard,https://oldschool.runescape.wiki/images/Leaf-bladed_sword.png?fa8bd
994,Black Mask,Obtain a Black Mask,Medium,https://oldschool.runescape.wiki/images/Black_mask_%2810%29.png?43853
995,Fossil Island Wyvern Granite,Obtain a unique Granite item from Fossil Island Wyverns,Elite,https://oldschool.runescape.wiki/images/Granite_longsword.png?fee90
996,Fossil Island Wyvern Granite,Obtain a unique Granite item from Fossil Island Wyverns,Elite,https://oldschool.runescape.wiki/images/Granite_longsword.png?fee90
997,Wyvern Visage,Obtain a unique Granite item from Fossil Island Wyverns,Elite,https://oldschool.runescape.wiki/images/Wyvern_visage.png?022de
998,Granite legs,Obtain Granite Legs,Hard,https://oldschool.runescape.wiki/images/Granite_legs.png?fee90
999,Granite Helm,Obtain a Granite Helm,Medium,https://oldschool.runescape.wiki/images/Granite_helm.png?19135
1000,Draconic Visage,Obtain a Draconic Visage,Master,https://oldschool.runescape.wiki/images/Draconic_visage.png?cb9aa
1001,Metal Boots,Obtain the next tier of metal boots,Beginner,https://oldschool.runescape.wiki/images/Rune_boots.png?eec05
1002,Metal Boots,Obtain the next tier of metal boots,Beginner,https://oldschool.runescape.wiki/images/Rune_boots.png?eec05
1003,Metal Boots,Obtain the next tier of metal boots,Easy,https://oldschool.runescape.wiki/images/Rune_boots.png?eec05
1004,Metal Boots,Obtain the next tier of metal boots,Easy,https://oldschool.runescape.wiki/images/Rune_boots.png?eec05
1005,Metal Boots,Obtain the next tier of metal boots,Medium,https://oldschool.runescape.wiki/images/Rune_boots.png?eec05
1006,Metal Boots,Obtain the next tier of metal boots,Hard,https://oldschool.runescape.wiki/images/Rune_boots.png?eec05
1007,Metal Boots,Obtain the next tier of metal boots,Hard,https://oldschool.runescape.wiki/images/Rune_boots.png?eec05
1008,Metal Boots,Obtain the next tier of metal boots,Elite,https://oldschool.runescape.wiki/images/Rune_boots.png?eec05
1009,Dark Bow,Obtain a Dark Bow,Master,https://oldschool.runescape.wiki/images/Dark_bow.png?4806b
1010,Occult Necklace,Obtain a Occult Necklace,Master,https://oldschool.runescape.wiki/images/Occult_necklace.png?7df05
1011,Dragon chainbody,Obtain a Dragon chainbody,Master,https://oldschool.runescape.wiki/images/Dragon_chainbody.png?c85b3
1012,Dragon Thrownaxe,Obtain a Dragon Thrownaxe,Elite,https://oldschool.runescape.wiki/images/Dragon_thrownaxe.png?8fa13
1013,Dragon Harpoon,Obtain a Dragon Harpoon,Elite,https://oldschool.runescape.wiki/images/Dragon_harpoon.png?cc5f3
1014,Dragon Sword,Obtain the Dragon Sword,Elite,https://oldschool.runescape.wiki/images/Dragon_sword.png?cc5f3
1015,Dragon Knife,Obtain the Dragon Knife,Elite,https://oldschool.runescape.wiki/images/Dragon_knife.png?8fa13
1016,Brimstone Chest,Obtain 1 unique Brimstone Chest Unique,Passive,https://oldschool.runescape.wiki/images/Mystic_hat_%28dusk%29.png?246bf
1017,Brimstone Chest,Obtain 1 unique Brimstone Chest Unique,Passive,https://oldschool.runescape.wiki/images/Mystic_hat_%28dusk%29.png?246bf
1018,Brimstone Chest,Obtain 1 unique Brimstone Chest Unique,Passive,https://oldschool.runescape.wiki/images/Mystic_hat_%28dusk%29.png?246bf
1019,Brimstone Chest,Obtain 1 unique Brimstone Chest Unique,Passive,https://oldschool.runescape.wiki/images/Mystic_hat_%28dusk%29.png?246bf
1020,Brimstone Chest,Obtain 1 unique Brimstone Chest Unique,Passive,https://oldschool.runescape.wiki/images/Mystic_hat_%28dusk%29.png?246bf
1021,Brimstone Chest,Obtain 1 unique Brimstone Chest Unique,Passive,https://oldschool.runescape.wiki/images/Mystic_hat_%28dusk%29.png?246bf
1022,Not like us,Obtain 1 unique from Drakes,Elite,https://oldschool.runescape.wiki/images/Drake%27s_tooth.png?0b9c9
1023,Not like us,Obtain 1 unique from Drakes,Elite,https://oldschool.runescape.wiki/images/Drake%27s_tooth.png?0b9c9
1024,Light Mystic,Obtain 1 unique piece of Light Mystic,Hard,https://oldschool.runescape.wiki/images/Mystic_hat_%28light%29.png?df7b3
1025,Light Mystic,Obtain 1 unique piece of Light Mystic,Hard,https://oldschool.runescape.wiki/images/Mystic_hat_%28light%29.png?df7b3
1026,Light Mystic,Obtain 1 unique piece of Light Mystic,Hard,https://oldschool.runescape.wiki/images/Mystic_hat_%28light%29.png?df7b3
1027,Light Mystic,Obtain 1 unique piece of Light Mystic,Hard,https://oldschool.runescape.wiki/images/Mystic_hat_%28light%29.png?df7b3
1028,Dark Mystic,Obtain 1 unique peice of Dark Mystic,Hard,https://oldschool.runescape.wiki/images/Mystic_hat_%28dark%29.png?3ab54
1029,Basilisk Jaw,Obtain a Basilisk Jaw,Elite,https://oldschool.runescape.wiki/images/Basilisk_jaw.png?3be33
1030,Dagon'hai,Obtain 1 unique piece of Dagon'hai,Elite,https://oldschool.runescape.wiki/images/Dagon%27hai_robe_top.png?1c69a
1031,Dagon'hai,Obtain 1 unique piece of Dagon'hai,Elite,https://oldschool.runescape.wiki/images/Dagon%27hai_robe_top.png?1c69a
1032,Dagon'hai,Obtain 1 unique piece of Dagon'hai,Elite,https://oldschool.runescape.wiki/images/Dagon%27hai_robe_top.png?1c69a
1033,Blood Shard,Obtain a Blood Shard,Master,https://oldschool.runescape.wiki/images/Blood_shard.png?3d4c6
1034,Ancient Ceremonial,Obtain 1 unique piece of Anicent Ceremonial,Master,https://oldschool.runescape.wiki/images/Ancient_ceremonial_mask.png?97024
1035,Ancient Ceremonial,Obtain 1 unique piece of Anicent Ceremonial,Master,https://oldschool.runescape.wiki/images/Ancient_ceremonial_mask.png?97024
1036,Ancient Ceremonial,Obtain 1 unique piece of Anicent Ceremonial,Master,https://oldschool.runescape.wiki/images/Ancient_ceremonial_mask.png?97024
1037,Warped Sceptre,Obtain a Warped Sceptre,Hard,https://oldschool.runescape.wiki/images/Warped_sceptre.png?5051f
1038,Sulphur Blades,Obtain Sulphur Blades,Medium,https://oldschool.runescape.wiki/images/Sulphur_blades.png?16fac
1039,Teleport Anchoring Scroll,Obtain a Teleport Anchoring Scroll,Hard,https://oldschool.runescape.wiki/images/Teleport_anchoring_scroll.png?4518a
1040,Aranea Boots,Obtain Aranea Boots,Master,https://oldschool.runescape.wiki/images/Aranea_boots.png?8bfab
1041,Glacial temotli,Obtain Glacial temotli,Medium,https://oldschool.runescape.wiki/images/Glacial_temotli.png?4836f
1042,Pendant of ates ,Obtain a Pendant of ates ,Medium,https://oldschool.runescape.wiki/images/Pendant_of_ates_%28inert%29.png?942fb
1043,Earthbound tecpatl,Obtain Earthbound tecpatl,Medium,https://oldschool.runescape.wiki/images/Earthbound_tecpatl.png?e51e4
1044,Antler guard,Obtain a Antler guard,Hard,https://oldschool.runescape.wiki/images/Antler_guard.png?dfef1
1045,Broken antler,Obtain Broken antlers,Medium,https://oldschool.runescape.wiki/images/Broken_antler.png?e1daf
1046,Alchemist's signet,Obtain Alchemist's signet,Hard,https://oldschool.runescape.wiki/images/Alchemist%27s_signet.png?dfef1
1047,Tormented Demons,Obtain 1 unique from Tormented Demons,Elite,https://oldschool.runescape.wiki/images/Tormented_synapse.png?4d370
1048,Tormented Demons,Obtain 1 unique from Tormented Demons,Elite,https://oldschool.runescape.wiki/images/Tormented_synapse.png?4d370
1049,Tormented Demons,Obtain 1 unique from Tormented Demons,Elite,https://oldschool.runescape.wiki/images/Tormented_synapse.png?4d370
1050,TzHaar,Obtain 1 unique from the TzHaar,Easy,https://oldschool.runescape.wiki/images/Toktz-ket-xil.png?04f28
1051,TzHaar,Obtain 1 unique from the TzHaar,Easy,https://oldschool.runescape.wiki/images/Toktz-ket-xil.png?04f28
1052,TzHaar,Obtain 1 unique from the TzHaar,Medium,https://oldschool.runescape.wiki/images/Toktz-ket-xil.png?04f28
1053,TzHaar,Obtain 1 unique from the TzHaar,Medium,https://oldschool.runescape.wiki/images/Toktz-ket-xil.png?04f28
1054,TzHaar,Obtain 1 unique from the TzHaar,Medium,https://oldschool.runescape.wiki/images/Toktz-ket-xil.png?04f28
1055,TzHaar,Obtain 1 unique from the TzHaar,Medium,https://oldschool.runescape.wiki/images/Toktz-ket-xil.png?04f28
1056,TzHaar,Obtain 1 unique from the TzHaar,Hard,https://oldschool.runescape.wiki/images/Toktz-ket-xil.png?04f28
1057,TzHaar,Obtain 1 unique from the TzHaar,Hard,https://oldschool.runescape.wiki/images/Toktz-ket-xil.png?04f28
1058,TzHaar,Obtain 1 unique from the TzHaar,Hard,https://oldschool.runescape.wiki/images/Toktz-ket-xil.png?04f28
1059,TzHaar,Obtain 1 unique from the TzHaar,Hard,https://oldschool.runescape.wiki/images/Toktz-ket-xil.png?04f28
1060,Herbi,Obtain Herbi,Passive,https://oldschool.runescape.wiki/images/Herbi.png?d8722
1061,Dragon Warhammer,Obtain a Dragon Warhammer,Elite,https://oldschool.runescape.wiki/images/Dragon_warhammer.png?73103
1062,Big Fish,Obtain a unique big fish,Medium,https://oldschool.runescape.wiki/images/Big_shark.png?356fd
1063,Big Fish,Obtain a unique big fish,Hard,https://oldschool.runescape.wiki/images/Big_shark.png?356fd
1064,Big Fish,Obtain a unique big fish,Elite,https://oldschool.runescape.wiki/images/Big_shark.png?356fd
1065,Weird Bone,Obtain a unique strange bone,Passive,https://oldschool.runescape.wiki/images/Long_bone.png?6dc61
1066,Weird Bone,Obtain a unique strange bone,Passive,https://oldschool.runescape.wiki/images/Long_bone.png?6dc61
1067,Ecumenical key,Obtain a Ecumenical key,Medium,https://oldschool.runescape.wiki/images/Ecumenical_key.png?c85b3
1068,Pharaoh's Sceptre,Obtain a Pharaoh's Sceptre,Master,https://oldschool.runescape.wiki/images/Pharaoh%27s_sceptre_%28uncharged%29.png?b225e
1069,Chewed Bones,Obtain Chewed Bones,Hard,https://oldschool.runescape.wiki/images/Chewed_bones.png?3caf6
1070,Dragon Full Helm,Obtain a Dragon Full Helm,Master,https://oldschool.runescape.wiki/images/Dragon_full_helm.png?cc5f3
1071,Shield Left Half,Obtain a Shield Left Half,Passive,https://oldschool.runescape.wiki/images/Shield_left_half.png?f410d
1072,Dragon Metal Slice,Obtain a Dragon Metal Slice,Elite,https://oldschool.runescape.wiki/images/Dragon_metal_slice.png?cc5f3
1073,Dragon Metal Lump,Obtain a Dragon Metal Lump,Master,https://oldschool.runescape.wiki/images/Dragon_metal_lump.png?8fa13
1074,Dragon Limbs,Obtain Dragon Limbs,Elite,https://oldschool.runescape.wiki/images/Dragon_limbs.png?cc5f3
1075,Dragon Spear,Obtain a Dragon Spear,Passive,https://oldschool.runescape.wiki/images/Dragon_spear.png?cc5f3
1076,Eternal Glory,Obtain an Amulet of eternal glory,Master,https://oldschool.runescape.wiki/images/Amulet_of_eternal_glory.png?248b4
1077,Shaman Mask,Obtain a Shaman Mask,Medium,https://oldschool.runescape.wiki/images/Shaman_mask.png?c943f
1078,Evil Chicken,Obtain 1 unique piece of the Evil Chicken Outfit,Passive,https://oldschool.runescape.wiki/images/Evil_chicken_head.png?b8cf0
1079,Evil Chicken,Obtain 1 unique piece of the Evil Chicken Outfit,Passive,https://oldschool.runescape.wiki/images/Evil_chicken_head.png?b8cf0
1080,Evil Chicken,Obtain 1 unique piece of the Evil Chicken Outfit,Passive,https://oldschool.runescape.wiki/images/Evil_chicken_head.png?b8cf0
1081,Evil Chicken,Obtain 1 unique piece of the Evil Chicken Outfit,Passive,https://oldschool.runescape.wiki/images/Evil_chicken_head.png?b8cf0
1082,Mining Gloves,Obtain the next tier of Mining Gloves,Medium,https://oldschool.runescape.wiki/images/Mining_gloves.png?ccf02
1083,Mining Gloves,Obtain the next tier of Mining Gloves,Hard,https://oldschool.runescape.wiki/images/Mining_gloves.png?ccf02
1084,Mining Gloves,Obtain the next tier of Mining Gloves,Elite,https://oldschool.runescape.wiki/images/Mining_gloves.png?ccf02
1085,Skull sceptre,Create the Skull sceptre,Easy,https://oldschool.runescape.wiki/images/Skull_sceptre.png?1d1f2
1086,Fresh Crab,Obtain the Fresh Crab Clab and Shell,Easy,https://oldschool.runescape.wiki/images/Fresh_crab_claw.png?f59ab
1087,Xeric's Talisman,Obtain Xeric's Talisman,Medium,https://oldschool.runescape.wiki/images/Xeric%27s_talisman_%28inert%29.png?046c7
1088,Mask of Ranul,Obtain the Mask of Ranul,Hard,https://oldschool.runescape.wiki/images/Mask_of_ranul.png?717ea
1089,Elven Signet,Obtain the Elven Signet,Master,https://oldschool.runescape.wiki/images/Elven_signet.png?1bc1e
1090,Crystal Grail,Obtain the Crystal Grail,Master,https://oldschool.runescape.wiki/images/Crystal_grail.png?9e4ab
1091,Enhanced crystal teleport seed,Obtain a Enhanced crystal teleport seed,Master,https://oldschool.runescape.wiki/images/Enhanced_crystal_teleport_seed.png?b8cf0
1092,Dragonstone Armour,Obtain a piece of Dragonstone Armour,Passive,https://oldschool.runescape.wiki/images/Dragonstone_full_helm.png?5eb13
1093,Dragonstone Armour,Obtain a piece of Dragonstone Armour,Passive,https://oldschool.runescape.wiki/images/Dragonstone_full_helm.png?5eb13
1094,Dragonstone Armour,Obtain a piece of Dragonstone Armour,Passive,https://oldschool.runescape.wiki/images/Dragonstone_full_helm.png?5eb13
1095,Dragonstone Armour,Obtain a piece of Dragonstone Armour,Passive,https://oldschool.runescape.wiki/images/Dragonstone_full_helm.png?5eb13
1096,Dragonstone Armour,Obtain a piece of Dragonstone Armour,Passive,https://oldschool.runescape.wiki/images/Dragonstone_full_helm.png?5eb13
1097,Merfolk Trident,Obtain a Merfolk Trident,Elite,https://oldschool.runescape.wiki/images/Merfolk_trident.png?92ebd
1098,Egg Sac,Obtain an Orange or Blue Egg Sac,Hard,https://oldschool.runescape.wiki/images/Orange_egg_sac.png?93ae0
1099,Egg Sac,Obtain an Orange or Blue Egg Sac,Hard,https://oldschool.runescape.wiki/images/Orange_egg_sac.png?93ae0
1100,Armoured Zombies,Obtain 1 unique from Armoured Zombies,Medium,https://oldschool.runescape.wiki/images/Broken_zombie_axe.png?37ae2
1101,Armoured Zombies,Obtain 1 unique from Armoured Zombies,Medium,https://oldschool.runescape.wiki/images/Broken_zombie_axe.png?37ae2
1102,Helmet of the Moon,Obtain the Helmet of the Moon,Master,https://oldschool.runescape.wiki/images/Helmet_of_the_moon.png?3e0c3
1103,Magic Training Arena,Get 1 unique from the Magic Training Arena,Easy,https://oldschool.runescape.wiki/images/Mage%27s_book.png?8bd5a
1104,Magic Training Arena,Get 1 unique from the Magic Training Arena,Medium,https://oldschool.runescape.wiki/images/Mage%27s_book.png?8bd5a
1105,Magic Training Arena,Get 1 unique from the Magic Training Arena,Medium,https://oldschool.runescape.wiki/images/Mage%27s_book.png?8bd5a
1106,Magic Training Arena,Get 1 unique from the Magic Training Arena,Hard,https://oldschool.runescape.wiki/images/Mage%27s_book.png?8bd5a
1107,Magic Training Arena,Get 1 unique from the Magic Training Arena,Hard,https://oldschool.runescape.wiki/images/Mage%27s_book.png?8bd5a
1108,Magic Training Arena,Get 1 unique from the Magic Training Arena,Hard,https://oldschool.runescape.wiki/images/Mage%27s_book.png?8bd5a
1109,Magic Training Arena,Get 1 unique from the Magic Training Arena,Elite,https://oldschool.runescape.wiki/images/Mage%27s_book.png?8bd5a
1110,Magic Training Arena,Get 1 unique from the Magic Training Arena,Elite,https://oldschool.runescape.wiki/images/Mage%27s_book.png?8bd5a
1111,Magic Training Arena,Get 1 unique from the Magic Training Arena,Elite,https://oldschool.runescape.wiki/images/Mage%27s_book.png?8bd5a
1112,Magic Training Arena,Get 1 unique from the Magic Training Arena,Elite,https://oldschool.runescape.wiki/images/Mage%27s_book.png?8bd5a
1113,Magic Training Arena,Get 1 unique from the Magic Training Arena,Elite,https://oldschool.runescape.wiki/images/Mage%27s_book.png?8bd5a
1114,Uncut Onyx,Obtain an Onyx from a collection log source,Passive,https://oldschool.runescape.wiki/images/Uncut_onyx.png?ad4b1
1115,Skilling Pet,Gain 1 unique Skilling Pet,Passive,https://oldschool.runescape.wiki/images/Fishbowl_%28blue%29.png?5abba
1116,Squid Beak,Obtain a Squid Beak,Hard,https://oldschool.runescape.wiki/images/Squid_beak.png?afec5
1117,Swift Marlin,Obtain a Swift Marlin,Master,https://oldschool.runescape.wiki/images/Swift_marlin.png?afec5
1118,Purplefin,Obtain a Purplefin,Master,https://oldschool.runescape.wiki/images/Purplefin.png?afec5
1119,Huge Halibut,Obtain a Huge Halibut,Elite,https://oldschool.runescape.wiki/images/Huge_halibut.png?afec5
1120,Orangefin,Obtain an Orangefin,Elite,https://oldschool.runescape.wiki/images/Orangefin.png?2777f
1121,Golden Haddock,Obtain a Golden haddock,Elite,https://oldschool.runescape.wiki/images/Golden_haddock.png?afec5
1122,Giant Blue Krill,Obtain a Giant Blue Krill,Hard,https://oldschool.runescape.wiki/images/Giant_blue_krill.png?afec5
1123,Horn of Plenty,Obtain a Horn of Plenty,Hard,https://oldschool.runescape.wiki/images/Horn_of_plenty.png?1510e
1124,Aquanite Tendon,Obtain an Aquanite Tendon,Elite,https://oldschool.runescape.wiki/images/Aquanite_tendon.png?6be53
1125,Sailors' Amulet,Obtain a Sailors' Amulet,Medium,https://oldschool.runescape.wiki/images/Sailors%27_amulet_%28inert%29.png?ee149
1126,Salvaging Relic,Obtain a Salvaging Relic,Medium,https://oldschool.runescape.wiki/images/Smashed_mirror.png?f89cb
1127,Salvaging Relic,Obtain a Salvaging Relic,Hard,https://oldschool.runescape.wiki/images/Smashed_mirror.png?f89cb
1128,Salvaging Relic,Obtain a Salvaging Relic,Hard,https://oldschool.runescape.wiki/images/Smashed_mirror.png?f89cb
1129,Salvaging Relic,Obtain a Salvaging Relic,Hard,https://oldschool.runescape.wiki/images/Smashed_mirror.png?f89cb
1130,Salvaging Relic,Obtain a Salvaging Relic,Elite,https://oldschool.runescape.wiki/images/Smashed_mirror.png?f89cb
1131,Salvaging Relic,Obtain a Salvaging Relic,Elite,https://oldschool.runescape.wiki/images/Smashed_mirror.png?f89cb
1132,Salvaging Relic,Obtain a Salvaging Relic,Elite,https://oldschool.runescape.wiki/images/Smashed_mirror.png?f89cb
1133,Salvaging Relic,Obtain a Salvaging Relic,Master,https://oldschool.runescape.wiki/images/Smashed_mirror.png?f89cb
1134,Medallion Fragment,Obtain a Medallion Fragment,Medium,https://oldschool.runescape.wiki/images/Medallion_fragment_%283%29.png?afec5
1135,Medallion Fragment,Obtain a Medallion Fragment,Medium,https://oldschool.runescape.wiki/images/Medallion_fragment_%283%29.png?afec5
1136,Medallion Fragment,Obtain a Medallion Fragment,Medium,https://oldschool.runescape.wiki/images/Medallion_fragment_%283%29.png?afec5
1137,Medallion Fragment,Obtain a Medallion Fragment,Medium,https://oldschool.runescape.wiki/images/Medallion_fragment_%283%29.png?afec5
1138,Medallion Fragment,Obtain a Medallion Fragment,Medium,https://oldschool.runescape.wiki/images/Medallion_fragment_%283%29.png?afec5
1139,Medallion Fragment,Obtain a Medallion Fragment,Hard,https://oldschool.runescape.wiki/images/Medallion_fragment_%283%29.png?afec5
1140,Medallion Fragment,Obtain a Medallion Fragment,Hard,https://oldschool.runescape.wiki/images/Medallion_fragment_%283%29.png?afec5
1141,Medallion Fragment,Obtain a Medallion Fragment,Hard,https://oldschool.runescape.wiki/images/Medallion_fragment_%283%29.png?afec5
1142,Boat Bottle,Obtain a Boat Bottle,Medium,https://oldschool.runescape.wiki/images/Boat_bottle_%28full%29.png?31766
1143,Dragon Cannon Barrel,Obtain a Dragon Cannon Barrel,Passive,https://oldschool.runescape.wiki/images/Dragon_cannon_barrel.png?89100
1144,Bottled Storm,Obtain a Bottled Storm,Master,https://oldschool.runescape.wiki/images/Bottled_storm.png?afec5
1145,Broken Dragon Hook,Obtain a Broken Dragon Hook,Master,https://oldschool.runescape.wiki/images/Broken_dragon_hook.png?afec5
1146,Ray Barbs,Obtain Ray Barbs,Hard,https://oldschool.runescape.wiki/images/Ray_barbs.png?afec5
1147,Narwhal Horn,Obtain a Narwhal Horn,Elite,https://oldschool.runescape.wiki/images/Narwhal_horn.png?afec5
1148,Swift Albatross Feather,Obtain a Swift Albatross Feather,Hard,https://oldschool.runescape.wiki/images/Swift_albatross_feather.png?afec5
1149,Echo Pearl,Obtain an Echo Pearl,Elite,https://oldschool.runescape.wiki/images/Echo_pearl.png?afec5
1150,Dragon Cannonball,Obtain a Dragon Cannonball,Elite,https://oldschool.runescape.wiki/images/Dragon_cannonball.png?afec5
1151,Dragon Nails,Obtain Dragon Nails,Master,https://oldschool.runescape.wiki/images/Dragon_nails.png?afec5
1152,Dragon Metal Sheet,Obtain a Dragon Metal Sheet,Master,https://oldschool.runescape.wiki/images/Dragon_metal_sheet.png?afec5
1153,Ocean Pearl,Obtain a unique Ocean Pearl,Passive,https://oldschool.runescape.wiki/images/Shimmering_pearl.png?afec5
1154,Ocean Pearl,Obtain a unique Ocean Pearl,Passive,https://oldschool.runescape.wiki/images/Shimmering_pearl.png?afec5
1155,Ocean Pearl,Obtain a unique Ocean Pearl,Passive,https://oldschool.runescape.wiki/images/Shimmering_pearl.png?afec5
1156,Ocean Pearl,Obtain a unique Ocean Pearl,Passive,https://oldschool.runescape.wiki/images/Shimmering_pearl.png?afec5
1157,Ocean Pearl,Obtain a unique Ocean Pearl,Passive,https://oldschool.runescape.wiki/images/Shimmering_pearl.png?afec5
1158,Ocean Pearl,Obtain a unique Ocean Pearl,Passive,https://oldschool.runescape.wiki/images/Shimmering_pearl.png?afec5
1159,Ocean Pearl,Obtain a unique Ocean Pearl,Passive,https://oldschool.runescape.wiki/images/Shimmering_pearl.png?afec5
1160,Ocean Pearl,Obtain a unique Ocean Pearl,Passive,https://oldschool.runescape.wiki/images/Shimmering_pearl.png?afec5
1161,Ocean Pearl,Obtain a unique Ocean Pearl,Passive,https://oldschool.runescape.wiki/images/Shimmering_pearl.png?afec5
1162,Ocean Pearl,Obtain a unique Ocean Pearl,Passive,https://oldschool.runescape.wiki/images/Shimmering_pearl.png?afec5
1163,Ocean Pearl,Obtain a unique Ocean Pearl,Passive,https://oldschool.runescape.wiki/images/Shimmering_pearl.png?afec5
1164,Dragon Cannon Schematic,Obtain the Dragon Cannon Schematic,Elite,https://oldschool.runescape.wiki/images/Dragon_cannon_schematic.png?89100
1165,Dragon Salvaging Hook Schematic,Obtain the Dragon Salvaging Hook Schematic,Elite,https://oldschool.runescape.wiki/images/Dragon_salvaging_hook_schematic.png?afec5
1166,Dragon Keel Schematic,Obtain the Dragon Keel Schematic,Elite,https://oldschool.runescape.wiki/images/Dragon_keel_schematic.png?afec5
1167,Dragon Helm Schematic,Obtain the Dragon Helm Schematic,Elite,https://oldschool.runescape.wiki/images/Dragon_helm_schematic.png?89100
1168,Rosewood and Cottom Sails Schematic,Obtain the Rosewood and Cottom Sails Schematic,Elite,https://oldschool.runescape.wiki/images/Rosewood_%26_cotton_sails_schematic.png?19a44
1169,Rosewood Hull Schematic,Obtain the Rosewood Hull Schematic,Hard,https://oldschool.runescape.wiki/images/Rosewood_hull_schematic.png?19a44
1170,Rosewood Cargo Hold Schematic,Obtain the Rosewood Cargo Hold Schematic,Hard,https://oldschool.runescape.wiki/images/Rosewood_cargo_hold_schematic.png?19a44
1171,Eternal Brazier Schematic,Obtain the Eternal Brazier Schematic,Hard,https://oldschool.runescape.wiki/images/Eternal_brazier_schematic.png?89f8d
1172,Gale Catcher Schematic,Obtain the Gale Catcher Schematic,Medium,https://oldschool.runescape.wiki/images/Gale_catcher_schematic.png?5ad20
1173,Salvaging Station Schematic,Obtain the Salvaging Station Schematic,Medium,https://oldschool.runescape.wiki/images/Salvaging_station_schematic.png?ee149
1174,Sandy Paint,Obtain Sandy Paint,Medium,https://oldschool.runescape.wiki/images/Sandy_paint.png?afec5
1175,Merchant's Paint,Obtain Merchant's Paint,Passive,https://oldschool.runescape.wiki/images/Merchant%27s_paint.png?afec5
1176,Saradominist Paint,Obtain Saradominist Paint,Medium,https://oldschool.runescape.wiki/images/Saradominist_paint.png?afec5
1177,Guthixian Paint,Obtain Guthixian Paint,Elite,https://oldschool.runescape.wiki/images/Guthixian_paint.png?afec5
1178,Zamorakian Paint,Obtain Zamorakian Paint,Hard,https://oldschool.runescape.wiki/images/Zamorakian_paint.png?afec5
1179,Armadylean Paint,Obtain Armadylean Paint,Elite,https://oldschool.runescape.wiki/images/Armadylean_paint.png?afec5
1180,Salvor's Paint,Obtain Salvor's Paint,Passive,https://oldschool.runescape.wiki/images/Salvor%27s_paint.png?afec5
1181,Angler's Paint,Obtain Angler's Paint,Passive,https://oldschool.runescape.wiki/images/Angler%27s_paint.png?afec5
1182,Inky Paint,Obtain Inky Paint,Master,https://oldschool.runescape.wiki/images/Inky_paint.png?f947d
1183,Shark Paint,Obtain Shark Paint,Easy,https://oldschool.runescape.wiki/images/Shark_paint.png?afec5
1184,Barracuda Paint,Obtain Barracuda Paint,Elite,https://oldschool.runescape.wiki/images/Barracuda_paint.png?9884b
1185,Gwyna's Fabric Roll,Obtain Gwyna's Fabric Roll,Elite,https://oldschool.runescape.wiki/images/Gwyna%27s_fabric_roll.png?afec5
1186,Gurtob's Fabric Roll,Obtain Gurtob's Fabric Roll,Hard,https://oldschool.runescape.wiki/images/Gurtob%27s_fabric_roll.png?afec5
1187,Ralph's Fabric Roll,Obtain Ralph's Fabric Roll,Easy,https://oldschool.runescape.wiki/images/Ralph%27s_fabric_roll.png?afec5
1188,Gryphon Feather,Obtain a Gryphon Feather,Medium,https://oldschool.runescape.wiki/images/Gryphon_feather.png?afec5
1189,Shellbane Gryphon,Obtain a unique from the Shellbane Gryphon,Hard,https://www.runescape.com/img/rsp777/game_icon_shellbanegryphon.png?2
1190,Shellbane Gryphon,Obtain a unique from the Shellbane Gryphon,Master,https://www.runescape.com/img/rsp777/game_icon_shellbanegryphon.png?2
1191,PvM Pet,Obtain a PvM pet,Passive,https://oldschool.runescape.wiki/images/Summoning_icon.png?97fc0